Derazneshast1.jpg,situps_down,2474.9062,1362.0698,393.06265,2537.51,1355.424,306.4579,2548.7346,1364.6843,306.57986,2560.3262,1374.3105,306.58752,2527.6362,1342.7638,443.17465,2531.4922,1343.5604,443.3228,2534.752,1344.3763,442.47073,2604.5845,1445.3607,39.547443,2576.447,1396.7592,671.3267,2475.778,1428.598,288.45407,2461.1738,1414.2584,470.7742,2499.5923,1672.8107,-213.20866,2430.6143,1571.0352,873.8435,2479.7808,1441.3574,-159.03827,2406.3684,1402.1492,1633.7095,2625.8655,1451.2369,561.89825,2580.6465,1415.1058,1986.0647,2664.378,1439.0869,655.917,2634.3596,1401.2701,1959.9285,2650.4014,1481.7925,576.7691,2631.069,1446.7966,2028.117,2635.5918,1484.5049,545.89374,2618.5083,1460.6438,1992.855,1701.4149,1714.8112,-438.49448,1686.9778,1631.0906,437.61166,1185.3112,1197.8661,-513.581,1202.6616,1102.457,359.82175,966.6346,1682.8701,-420.735,1028.5378,1510.5592,588.97455,1021.484,1781.2738,-405.87073,1073.4507,1605.1633,593.8844,686.00354,1773.0249,-543.4079,769.3627,1549.4448,441.19394
Screenshot 2022-06-26 125521.jpg,situps_down,753.1354,295.04758,313.41428,765.2545,296.18503,320.10263,769.38245,299.6732,319.93356,773.70825,303.19592,320.00436,753.73773,288.6567,347.68185,750.68146,287.13403,347.72473,747.248,285.7184,347.72726,776.8449,321.98047,348.858,744.4246,297.4191,484.26764,751.9666,316.25864,318.3286,738.9944,307.2376,357.4288,770.6271,387.2124,315.56915,672.1503,347.9213,520.7846,875.5876,261.71164,314.65503,665.787,292.2658,726.6792,918.3495,232.77261,490.24808,717.91943,191.14938,957.9026,927.53827,226.26637,486.24094,737.20197,167.50845,972.4944,928.55554,222.96318,486.9075,745.7758,171.17453,968.9009,922.7476,224.80292,485.37268,745.0233,183.11577,956.7754,597.98413,462.9885,-103.431984,553.57825,421.43362,103.28567,419.7712,449.1307,-301.37183,402.75925,422.3369,-94.15185,242.06177,527.2893,-506.035,238.56178,518.3668,-236.31754,218.06668,558.955,-526.97705,218.44913,566.7166,-258.1766,178.77289,512.6103,-597.33984,158.0062,462.30002,-317.51968
Screenshot 2022-06-26 130646.jpg,situps_down,314.46744,154.29317,-9.423431,321.1961,160.08685,-21.284391,321.53683,162.16443,-21.22583,321.90796,164.32822,-21.201332,321.28522,157.46039,-4.366222,321.76123,157.51205,-4.3655596,322.1077,157.5215,-4.4055405,318.73758,176.29855,-48.756104,320.30316,166.74603,32.412655,306.9513,163.04303,-20.006968,307.03064,159.27129,2.917375,281.8236,198.52441,-47.349396,277.7724,172.1232,59.624844,316.13013,215.45924,-68.93541,300.27747,175.68314,143.33904,316.86285,196.25848,30.291328,312.9566,185.54991,187.58124,317.22507,191.62204,47.493004,316.06738,184.0683,185.88043,311.8323,189.57993,50.53969,310.25394,190.40843,191.83504,310.15668,191.5553,33.733223,310.11914,191.90463,187.7671,162.82896,186.67569,-47.495197,165.2854,168.37616,47.520695,102.245895,114.79749,-60.42764,106.01157,102.6134,51.077065,53.078136,188.51701,-35.43692,57.260777,177.38373,46.675655,59.3525,205.2355,-31.655544,61.736176,194.88689,44.873856,6.9058027,198.8939,-41.256107,14.1561985,186.25166,33.5622
Screenshot 2022-06-26 130927.jpg,situps_down,263.72458,516.31836,-34.849438,241.60669,525.2922,-3.8012426,243.80002,518.9756,-3.6889024,245.87973,512.0604,-4.0551176,237.53903,548.37476,-61.38308,236.3921,560.6984,-61.2961,235.70172,573.18115,-61.928062,268.5159,532.64844,215.688,256.58246,613.1089,-36.44772,303.13913,513.11365,45.068947,297.86084,545.72614,-27.330452,460.53964,506.69833,360.73764,388.08966,672.34576,-114.763985,440.2283,411.6975,650.8749,173.45778,690.81287,-189.07054,447.33777,478.86932,840.8487,265.66666,595.3977,238.5652,452.9185,507.39395,828.14514,278.61456,590.29297,284.36432,451.076,521.6053,862.11115,321.60858,587.0396,300.7264,451.5307,518.21594,844.7711,328.82776,588.5104,248.82033,1014.24756,549.1379,188.43132,997.0692,657.8147,-187.7014,1314.2805,265.71036,140.99194,1295.8909,404.72687,-328.73053,1532.6239,594.84485,174.19426,1553.8451,704.76074,-262.66272,1506.2952,672.0358,186.73636,1543.6862,775.3654,-241.55746,1732.0206,618.7447,119.244385,1776.1753,705.3116,-342.16068
Screenshot 2022-06-26 131117.jpg,situps_down,1412.412,337.04428,122.24639,1458.6825,329.9884,58.686844,1466.0886,335.76166,59.008053,1473.564,341.6341,59.30195,1453.2097,324.482,132.2055,1455.7472,324.59753,132.34998,1457.9591,324.7981,132.57895,1499.2638,387.4894,-113.22048,1478.9122,360.68466,233.23131,1408.7169,380.90427,59.933563,1399.1915,370.16354,162.83028,1412.188,484.80756,-245.12112,1374.5834,508.31204,358.1287,1187.7725,284.355,-68.70942,1162.8569,321.79877,634.5552,1208.0282,316.63336,428.05194,1166.7883,303.92514,875.841,1215.9054,312.6207,441.74063,1165.4691,282.69617,910.94806,1205.1392,348.4225,402.98196,1183.1338,324.06857,958.0077,1196.7122,355.7892,427.75278,1181.5626,340.5934,893.9086,867.1002,699.3696,-197.59749,869.04175,665.35474,198.31061,521.897,345.17844,-305.2634,587.18646,405.30313,187.61049,308.29272,697.8998,-121.80506,325.77133,704.2703,288.25204,333.28537,769.9636,-88.21385,339.85825,769.08624,290.888,109.951294,765.9737,-57.68776,104.83237,761.3782,255.15732
Screenshot 2022-06-26 131648.jpg,situps_down,395.81683,350.56982,88.8559,369.8294,365.15863,95.024895,369.74783,367.08588,95.04085,369.5758,368.6382,94.75965,367.25314,366.3883,41.908245,364.73346,370.35617,41.88395,362.495,374.29382,41.346794,370.8324,395.43042,157.01303,363.38092,402.74844,-76.05039,415.4513,362.14374,117.029205,411.50455,366.28903,50.28898,476.3648,401.76422,279.61682,440.8809,450.3423,-207.60202,384.62766,306.79007,359.70126,352.1977,352.71545,-354.3374,251.76355,288.4487,243.42342,230.67513,301.14615,-309.77435,215.96835,292.15,211.37381,196.72498,291.48608,-351.10828,206.3396,299.78616,200.73116,188.14397,296.66983,-325.8887,217.5182,300.35178,226.41528,203.60768,297.51685,-301.9571,812.65625,387.05008,160.2884,818.03845,423.63583,-159.75385,1026.1058,277.16852,159.83762,1043.5195,248.3692,-224.82875,1186.6344,405.38696,307.73282,1232.6488,435.4701,-124.07283,1189.5046,438.10696,322.46225,1232.7858,489.85208,-110.42271,1285.9479,398.07092,310.61276,1360.8422,412.88287,-138.84126
asian-women-exercising-studio-abdominal-600w-680404723.jpg,situps_down,447.0191,251.28139,-80.52873,454.35498,258.50748,-98.64549,454.45093,260.33264,-98.593155,454.54858,262.29218,-98.58407,454.8513,258.62866,-77.94669,455.11765,259.94003,-77.96791,455.36307,261.24564,-77.845406,448.48547,276.32092,-140.65784,450.52417,274.98627,-46.739483,436.34262,258.9903,-94.27179,436.3409,257.69452,-67.398796,388.2159,294.39932,-178.682,402.17493,271.81915,24.721321,313.64294,290.8775,-177.8363,340.86743,267.43192,66.58255,248.33728,282.30432,-143.97423,295.0558,260.87814,76.24533,230.28134,288.82944,-157.75089,281.4445,258.7107,87.57354,228.92868,277.5838,-155.80724,283.1206,257.51715,71.90815,236.73505,275.33755,-142.0542,287.32602,260.15973,69.21986,264.3162,261.44214,-65.17108,279.90417,242.72156,65.226074,221.0707,171.55803,-84.434044,262.9833,165.80042,103.80588,191.27583,251.97687,19.858007,213.22818,240.22873,170.39462,201.58286,271.3427,32.62928,217.17297,257.31775,176.41046,149.19449,260.1187,65.63336,169.06894,250.12935,203.14343
asian-women-exercising-studio-abdominal-600w-680691589.jpg,situps_down,181.871,220.78922,-96.46657,172.20091,227.10925,-91.41944,171.04796,227.41394,-91.37117,169.8582,227.63528,-91.43313,175.49583,229.44234,-109.2775,176.39082,231.96664,-109.297005,177.40465,234.43997,-109.23191,171.6168,240.31647,-44.982777,181.87488,248.40535,-124.587654,189.74936,225.41826,-77.7506,193.17561,229.1137,-100.17098,204.5641,243.05315,13.039429,225.94313,265.91953,-102.23911,182.40872,247.98041,91.9629,207.38005,289.5225,-52.949974,166.29828,249.44481,172.89426,197.44862,298.87793,87.11111,165.91927,250.56427,190.69319,196.54321,305.9478,99.91608,167.6623,254.03949,184.39195,199.45831,304.69565,116.4923,170.54277,254.28606,171.34482,201.58975,302.18298,95.72711,332.86423,204.70955,54.733574,357.54022,221.1986,-54.812206,370.94388,138.26166,129.74422,427.78262,118.89141,-80.168015,400.6159,202.22939,225.02599,453.557,209.37907,8.595687,399.78604,216.94243,234.80821,447.10114,227.61476,18.43126,427.41324,201.41234,281.7258,484.9143,221.41301,54.049286
athletic-young-man-doing-indoor-600w-365909201.jpg,situps_down,447.5927,168.82764,-69.21895,460.05484,169.26326,-96.691536,461.19467,171.39525,-96.74424,462.33972,173.6284,-96.89712,460.7341,167.46396,-69.132774,461.95364,167.72224,-69.110725,463.06042,168.04778,-69.1309,469.0831,190.60034,-161.05878,470.9016,183.11443,-39.003883,443.95947,183.0129,-89.20066,444.01315,180.69438,-53.940006,431.56308,252.25754,-189.0047,450.91483,213.04367,19.76713,399.5312,244.68779,-233.70457,445.35272,211.88701,135.29448,450.16977,227.51581,-214.06287,452.8076,212.33049,233.71663,465.4322,222.32033,-232.21832,456.09894,210.80081,246.21855,470.66467,227.24985,-226.81989,454.48865,211.65579,237.86502,464.76852,228.51643,-212.28624,451.81595,213.79309,229.55945,277.32172,273.19568,-72.39724,295.79153,243.7092,72.719604,184.77562,209.39734,-73.98964,227.94557,154.6219,139.08295,121.2866,273.6482,-24.43671,187.18042,228.90942,229.53197,123.52107,291.6152,-16.780834,193.15796,245.08563,239.29782,70.827034,267.36026,-21.707575,142.11948,241.16527,264.67307
fit-brunette-doing-sit-ups-600w-255820654.jpg,situps_down,451.46506,158.20042,101.55566,465.47955,155.96239,100.442856,469.5226,158.40863,100.4692,473.7257,160.89368,100.51042,456.86554,150.23138,125.843254,455.17026,148.51877,125.80449,453.27518,146.8321,125.66961,484.8108,174.14803,116.891,460.13898,154.01614,240.5706,456.9058,174.91719,103.17212,446.75223,168.25082,138.47046,485.4598,232.69969,106.665955,419.5269,188.17844,266.82285,533.1857,190.16118,79.372696,395.84546,118.4955,336.72244,503.20178,190.10684,273.29678,456.15048,167.05428,308.38293,498.27124,186.88623,303.33942,475.6109,176.34009,285.71234,489.0644,199.70865,295.17728,475.82373,187.13884,320.405,487.75607,202.41542,272.42368,469.8578,188.15527,317.78708,327.58038,281.28552,-69.5403,298.2249,246.35948,69.561844,247.46558,183.8533,-178.34918,185.9386,144.43582,14.243785,168.73201,306.5847,-240.16222,156.10907,278.4511,-75.783066,176.45595,334.63602,-239.19997,172.50249,308.0822,-83.51049,89.78859,331.57336,-264.5205,91.546265,310.17755,-116.29361
fit-young-girl-wearing-black-600w-1020973534.jpg,situps_down,440.86694,229.33437,-18.956362,449.19305,234.48906,-34.764378,449.9129,236.56943,-34.749992,450.65436,238.74603,-34.87283,448.75244,231.66385,-9.225572,449.17096,231.89742,-9.228321,449.41284,232.10826,-9.336526,449.60342,253.04643,-70.926094,449.83813,243.6459,48.45966,433.85632,240.09631,-32.749187,433.1615,236.84773,1.2286713,410.34094,285.67386,-87.2497,406.5803,255.63661,100.26423,449.74847,280.00153,-95.564514,422.7999,231.30487,223.81468,450.99536,263.04843,64.89339,443.70383,239.50609,244.287,452.07217,259.33493,83.24173,449.5326,239.15654,238.49094,446.92624,259.2064,84.35763,444.55038,245.89691,237.87686,444.13736,261.18814,68.552185,442.12796,247.24193,240.80574,266.27744,272.3331,-74.92281,273.6853,251.69357,74.99777,200.52505,186.11118,-82.12099,227.74255,156.33846,86.909805,146.8286,268.69894,-39.472576,175.94772,231.30542,123.078094,153.40552,290.74634,-32.066116,179.04732,251.3245,124.45199,98.57211,276.4247,-34.24106,133.31654,235.36272,122.68403
fitness-woman-lying-doing-crunches-600w-184886567.jpg,situps_down,441.08942,199.55672,41.216057,455.58597,198.77736,17.2294,458.5013,200.98175,17.332872,461.52814,203.37148,17.183949,451.77307,195.61539,58.133522,451.93494,195.61208,58.113384,451.86066,195.63332,57.948326,472.8359,220.57173,-47.648903,462.24265,210.06186,145.09792,441.96304,216.68742,17.698238,436.97983,213.37,72.49272,450.1355,282.58746,-85.66999,428.519,244.00417,219.01341,501.1486,261.5981,-182.33157,445.65646,213.97147,378.1852,506.08,251.1813,-62.34031,482.59805,212.97856,375.923,511.356,252.1693,-49.255188,493.63245,213.04733,362.40076,503.51645,255.4736,-42.81321,488.7547,216.61798,359.43857,499.95786,254.18169,-57.79297,485.54007,218.88034,368.54343,257.55984,277.91965,-113.84539,251.90744,256.4011,113.720085,156.0667,171.63425,-126.77519,162.0212,159.73172,142.82668,127.94252,271.9866,-41.49535,112.875404,264.09833,130.72556,146.72136,294.6529,-28.953175,123.45256,285.3591,124.81565,70.92006,294.94388,-25.624208,58.911396,289.14093,69.176636
g.png,situps_down,453.76358,580.9007,-37.54149,437.31366,587.1541,-24.547916,436.65228,588.422,-24.471703,435.9805,589.49567,-24.647263,437.1376,587.9822,-64.25639,435.89767,590.2533,-64.070114,434.85016,592.4919,-64.30566,433.7339,605.305,43.58676,432.96265,609.48865,-133.16458,462.0677,589.2418,-9.771344,461.31912,591.5943,-60.414654,484.0973,618.24585,126.01066,471.88867,634.48553,-215.9827,423.6881,568.22797,139.08644,417.87653,589.11426,-290.1262,350.4222,560.2873,17.364769,346.0191,564.3267,-206.83464,327.18524,562.4847,-7.5149946,326.7261,556.9549,-231.78467,323.47623,563.65125,-14.901556,323.38007,561.3935,-218.99782,329.81583,563.75195,5.6720715,330.96173,563.4132,-201.32066,685.0208,611.9355,112.58506,687.82355,623.9088,-112.40986,807.0139,573.4801,154.3884,804.3867,554.4857,-119.17079,893.3075,624.2068,257.37875,894.5388,639.325,15.41321,895.05176,639.3132,266.0757,891.3459,662.7005,30.444561,957.9641,616.6664,234.00636,976.70435,634.10114,4.4613247
healthy-blonde-woman-doing-crunches-600w-25827337.jpg,situps_down,148.04648,212.40767,33.996433,132.664,210.3845,41.295624,131.70027,210.09412,41.270683,130.70395,209.63089,41.127975,131.91782,214.29317,12.908025,129.68019,217.3599,12.923695,127.599495,220.5313,12.713007,122.98283,225.25089,91.31684,119.7842,240.12657,-36.827408,154.16844,225.28261,53.957253,151.76056,230.58817,17.308424,170.6216,257.14462,139.85973,149.3436,297.86707,-70.91996,159.16702,226.0405,276.99026,122.07849,253.68726,-97.60416,138.58434,219.39226,365.9562,103.00638,236.8415,26.501593,134.97333,220.0638,375.50723,97.78118,239.49574,35.519283,132.24057,224.94907,380.18356,98.50513,239.60568,47.40363,133.18034,226.77185,366.73203,102.76245,238.03287,34.10193,367.9852,274.97955,79.35541,372.30344,309.02963,-78.8527,446.77048,179.90955,80.019646,486.1917,173.26498,-105.53686,483.68082,290.2891,142.84302,511.1238,319.87366,-69.28905,475.8508,310.1349,149.7099,492.04556,349.17816,-63.093742,532.7567,315.47772,168.26929,577.1786,348.49353,-44.89355
image.jpg,situps_down,208.70871,292.0119,-7.2917376,196.70845,297.42657,1.2501087,195.93922,298.38376,1.1864982,195.14546,299.23694,1.0286558,197.2746,298.28348,-27.59955,196.61432,300.1177,-27.564186,196.08083,301.9294,-27.70499,194.02135,311.23206,55.54939,196.01768,314.50595,-72.92064,214.97485,299.06598,13.931237,215.24626,300.8822,-22.92873,238.53331,322.65652,125.28982,231.64116,338.48322,-101.53372,220.24843,309.9282,273.5632,200.8339,350.64835,-117.3942,207.43889,313.8714,391.91846,200.18251,337.26697,25.547602,201.93468,315.46362,398.092,198.32242,336.07538,44.503513,204.80995,318.25748,404.7072,205.28299,338.1033,47.543846,206.81364,318.08554,393.37012,208.69627,339.87595,30.368395,382.0856,311.12625,86.77031,387.1677,324.0212,-86.573616,468.9461,232.28871,84.60476,476.02377,245.15201,-90.40026,520.60187,307.9597,96.9434,541.43146,327.89005,-58.33826,512.10284,326.0081,98.08445,535.3326,350.66406,-54.330727,574.5099,321.05038,78.86121,600.5975,331.5054,-78.12871
istockphoto-509421978-1024x1024.jpg,situps_down,750.151,279.95465,-30.624094,774.50574,283.89072,-73.88706,777.7984,287.66296,-73.93744,781.131,291.5671,-74.14358,772.648,279.84802,-31.701984,774.15027,280.29337,-31.761227,775.42224,280.7425,-31.756464,795.1173,322.81586,-158.12659,789.47595,305.80096,31.844065,747.129,305.88458,-56.228184,744.1933,300.7543,-2.1621914,742.6377,427.86044,-177.3888,735.6709,341.84424,120.32911,722.4076,444.51855,-326.41916,729.8425,328.94208,317.061,785.1027,389.28433,-359.22623,789.11206,341.83435,423.8318,805.411,375.08884,-375.8038,803.57104,345.29886,426.95,811.816,380.5535,-357.4134,805.0691,347.76852,431.1874,802.9076,384.4761,-355.8863,801.04285,349.7243,422.62604,476.71988,472.02927,-107.71712,495.00208,409.73364,107.82929,263.1264,342.47748,-132.66322,342.48785,234.0578,101.73214,199.32544,465.53137,-32.491116,316.26642,349.20804,220.96721,221.09244,494.68884,-16.335873,339.18195,375.5153,235.24797,102.119934,472.97836,-8.319709,231.37677,365.06027,275.44553
muscular-builder-man-situps-gymconcept-600w-1072431575.jpg,situps_down,428.2071,189.53365,-124.871826,450.1475,201.12267,-141.84746,451.80988,207.642,-141.45773,453.4124,214.28671,-141.47037,447.6933,188.49269,-116.216995,448.0126,184.30138,-116.417,448.0595,180.05579,-116.71174,458.48322,236.95851,-132.44496,452.29984,192.85863,-16.0426,420.68503,208.56749,-114.05461,417.8617,192.51859,-80.68076,404.8777,294.41934,-121.691795,425.80136,183.20493,61.5169,387.61765,275.93756,-318.60202,462.87238,79.53191,117.313995,496.298,264.73557,-450.7257,522.71094,163.14534,197.4362,525.78766,266.12503,-473.3936,534.28766,190.44102,204.89117,521.9148,270.84402,-460.41266,535.5951,197.8038,235.59329,508.23462,264.99908,-450.0468,525.9534,190.83537,209.37245,187.78514,208.15038,-59.958824,214.07031,144.64796,60.206062,59.557602,119.35547,-36.114258,126.24922,30.000624,51.588264,24.527763,86.67094,185.75882,107.92976,90.6698,313.82648,22.918528,92.997406,212.94304,109.515175,114.11429,342.14523,-13.2242565,32.682148,202.08041,63.3551,57.45,374.94928
pexels-photo-6285215.jpg,situps_down,802.8723,447.30685,-62.422394,818.47943,460.79825,-87.76933,819.1745,465.4381,-87.61906,819.9407,470.29794,-87.54559,818.425,453.67264,-49.445644,819.29614,453.237,-49.483307,819.8356,452.75412,-49.695465,814.24274,495.5561,-139.32065,817.4592,470.9341,47.680862,785.97565,465.0093,-81.90518,786.0869,456.36194,-28.756779,735.05554,541.2066,-142.22789,728.32446,471.65143,115.765976,831.2433,528.72253,-145.6283,769.47327,434.67804,316.1329,819.04486,536.2538,150.69087,808.95044,474.13113,377.69995,819.38696,537.2915,192.41948,821.67285,479.08478,374.92282,807.39966,540.3062,184.82956,812.20575,491.5453,386.69962,803.53705,540.2854,153.83154,807.82074,492.2045,378.90625,460.54947,505.1699,-115.58196,472.94028,457.34802,115.582184,317.26523,370.45895,-133.48238,360.90366,315.2765,185.85115,274.04904,514.5437,-39.279083,310.47723,465.58884,213.49222,291.39035,547.90466,-25.160696,322.3981,498.7235,213.55452,207.50696,537.18744,-10.78085,245.59064,492.24066,235.33772
scene000001.png,situps_down,369.96936,149.16049,33.63828,384.68942,146.55504,16.438023,387.42062,148.25146,16.501986,390.19434,150.02684,16.46113,380.94138,144.12262,33.32924,380.84222,143.81091,33.2083,380.7027,143.49162,33.103806,402.07764,162.36559,-16.145786,390.23712,152.60033,62.544415,372.2009,161.86865,23.834269,367.3823,159.29305,46.710823,370.91315,218.31567,-33.201176,366.05295,179.99864,85.622536,295.14212,203.99384,-5.60745,289.37137,170.69687,27.012796,321.0737,168.14404,73.72994,321.3008,161.86201,-99.33524,327.59558,155.39601,76.89267,332.86777,160.00893,-116.99538,335.6308,158.8075,73.69489,342.75455,159.33449,-103.51906,333.32788,161.07883,75.63958,337.99,165.02296,-100.452324,225.12442,226.81549,-54.446156,235.98444,200.84238,54.42455,118.937126,133.4376,-81.55593,144.89449,135.60895,45.631973,79.71191,236.72772,-27.47805,103.443375,217.30615,120.374306,86.576744,258.00986,-19.287281,107.5779,234.69672,129.2732,36.445915,242.62418,-18.781279,58.90104,224.68883,148.51353
scene00001.png,situps_down,865.28564,351.57648,455.87466,884.48615,353.36368,465.11014,889.5251,357.5152,465.0791,894.932,361.89474,464.9914,871.45215,346.05927,502.96674,867.92944,343.41788,502.86868,864.3283,340.73203,503.08347,900.9933,379.8013,467.76678,863.53503,353.89368,642.9231,865.4872,372.1511,450.21225,850.3285,360.35666,501.17966,900.0738,435.57843,345.62006,773.9532,392.90634,594.6992,961.52435,439.9153,264.5719,677.91315,416.13525,519.79297,923.9326,409.95337,343.14832,581.8465,439.84717,399.57425,920.1464,401.42224,338.1512,544.70905,446.97855,377.03983,912.8287,399.76837,348.45215,556.7243,452.88077,383.27063,908.41174,404.39108,347.0744,575.8439,456.1139,395.37354,676.5882,474.5007,-95.35961,607.57825,444.0821,94.29267,597.2785,333.92416,-263.03058,483.41132,301.36084,-21.726532,524.4442,542.5203,-418.6823,422.10693,497.111,-118.870384,529.9105,589.4054,-426.61578,434.75214,537.11127,-131.28516,432.33704,563.9647,-496.90668,336.32797,549.4566,-221.30464
scene00271.png,situps_down,474.66272,580.4662,-32.12572,457.12805,587.7309,-19.2579,456.12335,589.6781,-19.07131,455.10687,591.4057,-19.206734,457.7176,587.4504,-67.51052,456.48474,589.8527,-67.39557,455.4875,592.2544,-67.616684,450.56372,609.24994,53.225662,451.25787,609.7591,-163.78976,480.98206,590.1745,-0.8184141,480.877,591.19495,-63.35834,492.31064,634.5033,149.58081,485.86807,635.3051,-242.35025,413.64548,616.08093,207.18065,407.13123,612.09546,-311.02655,343.7323,622.4448,48.581978,332.7254,622.28845,-180.4969,324.83875,630.1124,19.477825,312.7852,625.4586,-196.85107,319.62216,631.7095,0.76415986,313.26477,629.25287,-181.24734,325.06076,628.5165,32.384193,320.45264,627.84326,-170.74908,714.28644,609.50476,129.79666,716.4466,614.81024,-129.57147,842.4081,581.2891,176.36903,837.4182,570.90015,-132.45404,908.837,641.63745,311.02155,894.6015,650.5078,64.4099,905.7382,654.4009,323.6206,884.0021,670.2022,84.160095,967.78125,638.94037,293.4967,975.0097,647.0669,54.095062
scene00451.png,situps_down,328.43155,137.05928,69.01348,341.1012,130.59363,52.0486,344.05466,132.05423,52.02394,347.03696,133.57628,52.040817,338.31833,128.05199,71.9019,339.042,127.52897,71.87572,339.69052,127.063225,71.68145,363.39816,143.97154,10.561291,353.75723,133.62035,104.58079,335.29895,150.18321,54.13651,331.30765,147.52989,81.43842,356.42792,197.73169,-31.218899,349.52036,171.79836,131.41338,274.80167,149.57419,0.76221365,298.30856,141.8313,164.48512,341.99408,133.35582,93.40088,345.80615,128.4583,133.83395,356.28003,121.11385,94.25709,359.51477,118.0008,117.799965,362.92105,135.84213,74.36269,365.3908,126.35234,137.00417,358.44675,138.67775,88.88394,362.52667,134.14265,135.41763,229.78671,222.67372,-58.91885,229.87418,205.78685,59.110146,139.0742,129.29475,-84.98721,154.56676,130.74548,44.872498,73.09181,222.64946,-75.64513,88.03538,219.31744,48.840836,79.29033,238.7294,-70.519615,92.087006,237.79634,48.19473,15.108919,241.0815,-67.52057,30.562805,233.66664,34.278385
scene00631.png,situps_down,454.03418,571.9263,-67.43384,438.73633,574.851,-50.054527,438.2177,575.07477,-50.020782,437.68448,575.0865,-50.18643,438.83246,577.92535,-85.14395,437.909,580.641,-84.95967,437.18024,583.30597,-85.16121,437.57462,586.973,32.892803,437.7425,598.1868,-124.6416,464.05423,577.15265,-35.07859,463.48312,582.21185,-80.20367,498.04492,591.0641,118.17253,487.88934,624.4653,-218.3093,453.703,523.91077,163.44537,458.8766,547.75165,-289.0195,398.4314,490.98947,86.21533,397.62985,491.9456,-202.29575,379.72018,486.83893,68.16469,380.53696,477.2694,-231.66531,376.45508,487.84134,56.25248,373.77466,485.7666,-219.27177,380.31592,489.3626,74.094505,379.05045,489.26154,-196.82312,688.44666,607.5823,110.80786,688.3862,631.3552,-110.550575,817.18475,564.3621,137.9677,820.618,564.7898,-124.66325,906.37756,622.2865,235.61667,911.56525,640.6269,15.393486,906.06213,635.91846,245.04936,906.1775,662.00714,31.385674,978.7085,625.0858,203.97156,1000.82263,635.25964,-7.15044
scene00811.png,situps_down,442.0935,174.466,139.08018,451.65894,172.21992,139.85765,454.37268,173.50168,139.91138,457.23932,174.78273,139.89076,445.2967,169.01727,153.90085,443.79715,167.96634,153.91862,442.19464,166.92613,153.95021,463.11444,181.55797,147.98158,444.0072,169.35693,213.69547,444.57782,183.4978,138.95078,437.08676,179.27028,158.25269,462.86987,207.91919,102.098694,417.034,198.9875,229.27809,471.23096,151.74825,120.47062,384.61392,168.08269,308.19247,461.06326,157.70357,257.20587,425.47308,175.83649,382.0123,458.99966,153.98425,275.2795,437.7224,176.18518,381.8523,455.38455,165.93965,267.11465,442.67276,181.01399,398.2779,453.98648,168.81815,257.1079,439.49557,183.87872,387.807,347.7166,264.4925,-55.400204,328.5379,251.76677,54.98972,265.0067,202.21095,-123.5471,239.7164,206.7671,-2.246746,273.3373,302.34738,-203.40927,235.82712,279.63947,-58.07838,287.8557,320.5627,-208.01378,246.6581,291.52316,-64.40951,238.008,330.85834,-221.46248,203.41515,304.61118,-84.77127
scene00901.png,situps_down,485.76108,477.43372,-369.2188,444.98264,468.55197,-374.93948,444.12473,467.4201,-375.024,443.24713,466.03967,-375.45148,440.0651,480.12808,-440.52017,433.74515,488.5079,-440.80588,427.55402,496.86752,-441.20355,421.63022,515.4597,-238.43602,400.1016,552.1091,-540.3643,503.73804,516.7987,-298.86563,492.29468,529.23553,-388.50656,487.53622,669.8955,-35.386585,563.5574,669.0782,-535.1887,741.5983,564.63226,-183.42603,901.4098,532.5306,-372.40952,628.481,511.76126,-537.3016,853.3518,433.28845,84.6799,593.6033,497.80438,-580.8495,849.3702,405.49094,86.40169,566.88025,507.31125,-575.42773,804.59,430.21576,103.21763,588.287,519.1787,-539.70197,805.4343,446.37183,102.1976,1002.6708,680.8379,199.93785,1099.0885,706.1224,-199.04907,1001.2983,298.30008,364.60373,1302.917,266.50177,-241.44525,1139.0096,529.89825,456.24628,1371.8976,635.925,164.88765,1144.3734,593.59143,474.97723,1346.3333,722.78534,216.1687,1198.4093,528.7917,587.2144,1468.0559,644.292,375.43686
scene00991.png,situps_down,448.33698,288.14838,104.95963,427.23373,286.17267,124.32764,427.6855,286.6723,124.412605,428.07465,286.89447,124.19777,421.94086,289.94443,70.50779,417.80396,293.5658,70.4762,413.74222,297.32803,70.04218,421.2635,309.30045,249.94597,403.49207,324.96478,18.880638,460.09854,305.14502,154.11615,452.48596,310.80176,87.96754,503.4253,339.23172,354.58344,454.39542,422.0451,-73.79409,606.94904,267.5514,287.71252,572.2465,373.5533,-270.32733,481.4367,267.14395,53.568405,436.95105,332.0888,-281.90594,444.78577,265.9886,18.40336,394.16357,317.28467,-291.4826,427.957,271.95578,39.184822,382.48535,336.3894,-285.9634,443.3545,278.29248,51.636883,402.15308,338.44916,-275.91135,725.4095,418.70218,156.94766,721.325,477.47098,-156.31526,886.9259,275.76907,109.57581,898.4431,299.73938,-253.00728,964.0338,451.56763,292.3133,984.9652,493.72253,-160.34853,950.17004,485.15192,311.56793,965.89417,534.13916,-145.21548,1055.5436,491.37094,296.06326,1098.2574,522.8802,-170.18243
scene01081.png,situps_down,886.036,369.98865,230.54909,905.4342,362.99515,209.15637,910.26337,364.09866,209.09616,915.267,365.23584,209.13474,897.8668,362.3722,246.96165,897.6752,362.88965,247.06902,897.2326,363.42075,246.967,934.404,379.62888,154.4299,912.63916,375.12134,335.39923,894.40704,386.65283,208.43121,885.42303,385.8696,260.77414,937.0049,454.28204,57.26305,866.51013,426.6269,384.3648,900.078,367.44208,66.42382,781.34265,353.63647,523.67505,931.9949,371.0118,287.4185,872.3164,364.61826,492.27267,943.8992,364.0136,326.01242,900.5637,366.9001,468.09375,939.62,388.65005,295.23868,908.9001,373.15204,501.50653,934.6227,392.72598,283.16074,902.34265,377.48096,498.99625,708.7094,514.03235,-125.93907,681.4474,494.37692,125.97932,568.9756,396.93787,-200.08974,523.435,403.7258,23.652946,409.34918,551.6115,-427.83298,365.70844,518.24835,-186.4715,408.4494,600.7041,-443.2375,363.5833,557.97,-208.45207,288.44635,541.7177,-473.09677,254.62552,507.80893,-266.78558
scene010811.png,situps_down,456.86334,177.88986,99.1513,465.69012,179.36168,102.766045,467.6712,181.7097,102.78243,469.75937,184.02226,102.76073,461.1113,173.65465,112.760704,460.0468,171.81165,112.73656,458.87115,169.98802,112.67497,470.74225,192.04182,125.46272,456.92957,171.66603,171.80457,454.52698,187.50465,104.47578,448.98224,179.83148,117.87067,457.6297,214.8486,87.759636,418.2402,190.54153,198.46117,465.89005,180.99162,110.57484,399.49573,154.38783,270.45947,465.64124,172.669,229.1416,432.96158,171.76219,347.82147,465.26147,167.88219,245.7939,441.9392,175.15013,351.3776,462.13852,177.1193,238.94156,443.16345,180.14073,362.71884,459.9982,179.88971,228.94131,440.01205,181.48518,352.3213,350.56427,261.64984,-54.352802,330.19742,242.39447,54.271408,268.94437,203.27303,-112.53114,243.69841,202.2131,-15.677399,268.91528,304.96515,-191.02953,223.80486,267.80408,-53.785282,279.8286,325.00497,-195.44402,229.94514,281.01373,-57.52031,231.84521,326.86734,-200.16415,186.5639,282.69806,-62.135967
scene01531.png,situps_down,386.80878,303.7952,-104.53644,369.544,302.32617,-79.02412,370.4433,299.4496,-78.97908,371.30817,296.31522,-79.21363,366.3652,312.9651,-117.30816,364.54413,318.25406,-117.42337,362.81592,323.59775,-117.90196,376.90137,307.73163,52.894516,365.87952,345.7093,-109.710884,405.9118,307.60898,-54.023212,401.62384,322.0564,-100.54269,478.9143,310.5033,183.84718,456.35974,420.40417,-190.17969,614.6151,258.31662,30.30408,618.9662,366.06052,-359.59213,493.61206,264.4704,-254.0696,466.7862,316.34488,-399.02036,456.98425,261.8136,-292.0639,421.8611,293.8413,-407.07382,438.52576,267.6048,-260.31595,405.979,320.3258,-393.33813,452.5746,276.42154,-250.49492,423.8806,322.06546,-389.7807,719.3795,401.5678,144.39752,722.07153,466.97876,-143.88326,868.11957,283.7397,149.74124,897.76306,306.78827,-260.92114,969.43207,436.97827,318.2381,984.9336,491.54425,-128.59073,963.45,467.4891,334.88876,968.7262,532.81067,-106.04849,1058.2997,461.836,312.19864,1099.1844,507.7847,-112.79779
senior-woman-doing-sit-ups-600w-1184817268.jpg,situps_down,450.47525,185.88234,70.34692,470.89554,184.58432,36.246933,474.2411,187.3693,36.2845,477.62482,190.25601,36.24291,467.59244,181.76646,74.56744,468.14905,182.05061,74.46501,468.67117,182.39062,74.18154,492.8739,212.2016,-45.972733,482.04102,201.0031,126.86988,451.68997,205.96474,42.670593,446.85995,202.67178,92.78894,442.23068,286.5005,-103.48908,444.3208,243.75723,190.89558,320.14642,237.88849,-38.46135,340.17126,233.1958,123.44154,383.81073,221.2504,123.56732,395.24216,224.28719,-71.065254,401.30774,211.37332,121.776054,415.68018,214.83076,-100.54223,409.15216,224.55972,112.21557,423.63504,217.73703,-76.988304,404.82074,226.20854,126.49348,417.75906,228.81703,-72.548454,244.564,294.48672,-102.173065,255.706,263.23285,102.35019,126.57261,157.1383,-140.0765,131.54234,147.75919,73.73213,62.58988,308.22977,-47.516617,79.47525,275.4945,176.0605,71.34009,336.584,-36.7061,89.3251,297.37958,184.48518,-4.469222,324.21176,-50.562458,11.53534,302.18292,180.35149
shutterstock_1932811613.jpg,situps_down,557.9651,196.71652,71.489525,576.0203,194.45546,68.45662,580.3162,196.5552,68.584625,584.7875,198.77348,68.702675,568.0987,189.71579,88.25979,567.13464,188.30345,88.094986,565.9744,186.84706,88.02327,598.57764,211.34451,74.7329,576.4712,193.00348,174.7347,563.4806,211.227,70.94869,554.20276,205.9055,99.50833,593.6631,264.61917,54.722584,523.19446,221.77324,204.94133,633.0467,198.40149,20.313545,448.33127,158.32341,300.96844,614.5703,213.94102,193.84006,513.90216,170.48183,263.73657,618.7543,209.71724,233.67505,538.727,167.88324,232.32816,608.10364,227.50807,215.84685,544.023,174.65765,264.70465,603.3891,228.61946,190.48251,538.1825,181.80457,270.8023,377.70697,303.50146,-69.69656,359.569,269.29327,69.57587,297.92868,147.76038,-134.52739,248.60727,125.475975,31.482368,195.73532,282.69992,-178.29883,180.4325,271.70053,-76.851166,207.59624,317.437,-177.77592,200.84776,302.53946,-87.93542,114.53923,293.55664,-195.10384,99.49224,308.51126,-132.06293
situp_ausgangsposition.jpg,situps_down,3911.4673,1787.7445,-196.13383,4032.366,1825.096,-359.8303,4044.692,1848.4366,-359.45758,4057.2998,1872.4427,-360.2973,4017.4133,1791.9775,-164.55672,4018.9739,1786.0494,-164.2932,4019.9446,1780.1564,-164.3206,4079.0474,2003.6593,-644.40564,4038.5488,1875.2084,245.68834,3862.7522,1894.9634,-273.1038,3843.6052,1847.1659,-16.321821,3655.106,2358.0261,-894.9146,3676.551,1932.3125,542.81323,3036.465,1946.235,-826.675,3176.6877,1638.2817,-27.794693,3302.2595,1693.0281,-230.75392,3504.1682,1925.2323,-1306.2057,3371.8083,1597.4036,-270.87296,3588.0728,1984.0847,-1499.8248,3420.9717,1674.3918,-303.45712,3663.1816,2063.6946,-1382.8588,3397.532,1708.5989,-225.49844,3617.0505,2074.7979,-1310.2809,2344.9502,2353.0002,-559.3312,2416.5525,2087.23,559.7932,1518.5504,1510.8456,-689.15063,1593.7571,1509.8397,335.59177,1183.8242,2330.5051,102.301994,1236.801,2213.959,1131.881,1248.2892,2516.9956,198.09068,1272.5778,2362.0225,1229.0625,726.8463,2366.0142,270.35675,811.9465,2265.3997,1385.7231
slim-blonde-doing-sit-ups-600w-179871626.jpg,situps_down,429.3653,213.1128,156.42441,440.95383,206.40659,157.47932,445.4734,207.31412,157.61044,450.15164,208.19313,157.8293,430.3601,204.51439,172.31851,427.7483,203.87862,172.12057,424.94028,203.24318,171.84091,461.0754,217.06894,175.5502,429.08194,208.82687,253.3958,437.16867,226.01672,161.36876,424.59662,223.77956,184.00215,477.15387,262.98126,146.65916,393.46283,252.60501,268.2344,515.17664,200.12854,124.839165,335.55438,217.27887,307.93604,473.488,203.3016,211.36838,395.01025,228.48619,278.97702,468.91248,201.96024,220.4499,414.30487,235.51205,271.70966,464.14847,215.36125,213.36499,420.43582,228.8813,288.54657,463.64078,217.40701,207.89752,417.23132,230.2764,285.21646,329.15625,340.90292,-58.772987,296.28317,319.52017,58.704193,234.46037,226.07886,-127.63852,168.5852,218.03186,-16.985756,155.85747,355.5076,-239.45535,93.358185,338.4653,-169.03317,160.52031,389.00214,-245.83998,104.74933,367.78162,-181.13147,85.52903,361.59885,-256.12262,15.156573,352.74237,-207.68861
sport-fitness-healthy-lifestyle-concept-600w-1421569025.jpg,situps_down,445.02365,248.92416,29.869293,458.64856,247.7266,17.908514,461.32428,249.76225,17.974512,464.06244,251.92238,18.017868,455.3765,243.78557,37.581753,455.8129,243.46275,37.54387,456.0814,243.09508,37.4983,474.4725,266.66498,-10.967452,466.33948,253.44206,87.03298,447.49576,263.83334,18.887215,443.08926,260.26074,46.44805,455.17374,315.12915,-30.526514,438.10364,289.19345,117.67991,496.5604,254.34554,-60.45713,436.25626,239.75726,233.22903,486.3217,269.10632,92.04676,462.76624,256.49637,229.33696,487.53622,267.8739,122.49404,476.77103,256.33035,203.77872,479.05692,281.6963,107.49227,470.97037,266.04324,222.26707,478.17966,282.36237,89.292076,467.63113,268.73572,230.20715,277.73233,312.52335,-62.998474,281.1785,294.9909,62.85171,200.44756,190.39397,-73.533325,195.24773,218.5109,72.644226,170.24893,303.2068,-65.78112,136.02795,301.68335,24.554201,185.25664,329.86963,-63.09174,143.75284,323.54883,16.535858,119.501724,324.03934,-79.36871,80.44542,310.93573,-33.625725
young-fit-woman-doing-sit-600w-1313623070.jpg,situps_down,349.60388,109.54716,299.90955,364.13763,98.459305,318.03763,370.78394,99.13437,318.0232,377.61343,99.63059,317.98132,348.14417,99.16358,346.52362,343.1526,99.067055,346.32886,337.86615,99.03023,345.99088,390.48764,113.50965,400.769,340.83786,112.12156,534.8021,363.47803,129.80634,321.8802,341.63568,127.687805,360.92142,426.57642,197.01152,420.50235,287.34296,171.80913,540.6381,531.7637,183.76501,452.80566,205.07587,148.36682,564.0964,441.21024,138.92604,735.354,287.28836,130.30203,564.67224,422.4613,127.74716,759.8597,311.95404,129.2066,560.4609,406.75577,138.41313,787.84863,317.04712,131.08046,575.7662,406.93607,146.47868,743.5701,310.53543,138.78633,570.0824,256.16495,333.23862,-80.66984,190.78363,292.6134,80.7244,228.91309,148.4518,-380.6525,95.0031,105.76859,-138.01768,62.792553,339.3968,-524.9011,22.293217,317.54654,-241.73524,61.46011,381.08008,-531.0174,39.098293,357.4036,-245.02881,-54.34406,363.74054,-601.91394,-62.795074,376.58398,-280.83252
young-healthy-man-exercising-abdominals-600w-382229131.jpg,situps_down,411.5329,202.95633,-348.14594,431.32233,209.98846,-339.46042,432.50488,215.17282,-339.26907,433.76395,220.46501,-339.42004,430.42618,194.79187,-337.22397,431.2492,189.22137,-337.20367,431.7966,183.54846,-337.1066,439.42267,226.61032,-221.50664,437.98868,176.13852,-209.31236,405.65912,211.28186,-300.854,404.73654,194.35083,-297.43823,407.42352,262.88608,-113.202,401.62976,141.93304,-96.08222,414.0639,340.5465,-39.268612,416.16318,68.652756,-57.239635,457.5282,268.68433,161.81912,448.83008,146.38472,98.71124,475.56244,251.16257,172.56906,461.99585,165.48878,104.03802,467.77023,247.30965,206.90302,456.73108,172.58382,138.05556,456.33234,251.64133,176.47087,446.79416,168.16486,114.748695,219.4278,241.34077,-11.452836,217.49477,168.26491,11.390964,92.375565,253.46774,-194.14648,92.049736,117.9219,-172.88034,120.48921,247.39287,203.50197,130.62827,156.3628,234.25282,132.44069,247.04607,250.84348,142.14386,163.69887,280.4556,80.50049,240.26427,262.71585,95.56604,160.56741,306.68744
young-woman-doing-sit-ups-600w-89052985.jpg,situps_down,457.9992,200.45074,69.074425,474.3022,197.6902,81.06906,478.8359,201.08629,81.06177,483.50848,204.54088,81.00387,463.65744,188.19786,101.20988,460.7088,184.75432,101.231735,457.59552,181.35492,101.22192,491.42325,217.36133,145.48355,458.3534,185.64284,248.34952,461.62894,218.97783,89.65877,448.06287,206.6457,118.85308,474.71466,267.67224,117.86461,419.6418,206.88904,308.07718,520.9911,232.70805,63.71781,392.7675,136.31796,340.6194,503.64825,220.01593,275.72864,454.9086,180.66278,277.76727,506.28418,216.07204,296.1794,471.97095,189.1619,255.49156,491.91464,226.62537,305.9419,474.8664,198.28926,286.75,487.0027,229.61165,279.85748,468.39005,199.16731,286.7034,290.70395,290.16345,-95.366806,273.76993,250.19931,95.336006,214.07312,168.87885,-227.35913,149.45107,169.45967,27.171562,144.55064,315.93863,-263.25873,105.203156,296.08105,8.863453,154.27391,347.03586,-263.6294,115.61013,322.15295,7.2338796,62.218933,345.4816,-297.66968,35.4308,324.37766,-31.394087
Derazneshast2.jpg,situps_up,1882.0349,864.996,56.335304,1918.5256,820.0147,-41.624985,1929.7861,822.26514,-41.4701,1941.3624,824.849,-41.60427,1911.4855,811.3976,103.77921,1915.0397,806.83704,103.541534,1918.5287,802.991,103.3721,2007.2295,845.797,-292.63834,1981.8959,818.1697,351.26495,1916.4956,918.9096,-41.291836,1903.4532,907.36804,145.15237,2058.1313,1121.8174,-685.488,2007.804,1048.9371,601.8624,1668.0493,1200.7025,-600.99744,1652.914,1181.5143,371.15372,1840.5417,901.2092,169.84665,1503.0659,1104.6144,-252.15884,1859.5891,811.306,168.44444,1429.6687,1067.3451,-332.97873,1918.5404,834.2403,78.11154,1492.0854,1088.1052,-291.26025,1913.8959,870.4226,159.32845,1526.1202,1109.6024,-265.32822,1751.8192,1729.7322,-430.27335,1746.2699,1652.7262,431.8511,1316.5337,1235.4192,-531.51,1398.2482,1177.4387,310.217,1143.1589,1717.4796,32.310684,1196.6355,1645.4955,759.16394,1194.1411,1825.9275,110.42174,1233.7588,1750.381,788.0324,892.8539,1801.8811,255.53041,947.7863,1750.3391,794.16565
Screenshot 2022-06-26 125450.jpg,situps_up,562.21063,149.87149,-186.61066,592.5505,130.64534,-171.1286,604.118,132.56621,-171.27339,615.8092,134.29446,-171.34166,566.5337,127.74409,-139.64113,558.3683,126.57749,-139.86284,550.0934,125.67954,-140.23264,646.8462,158.15189,-33.10874,559.5261,143.37444,110.028564,587.35474,184.61862,-137.31117,550.2124,178.94957,-96.69315,708.6691,321.42825,-74.01444,516.0913,293.74252,295.98776,705.3966,510.97183,-257.89038,393.83066,380.18094,213.25613,562.81696,518.7823,-584.3547,272.06033,435.42117,-183.47214,518.6265,539.4874,-673.78705,226.86418,461.75555,-259.36307,506.13794,503.6204,-683.88226,252.13184,459.8828,-318.131,516.86365,505.62784,-588.2423,280.35898,462.29233,-218.58102,633.63635,649.3762,-122.220604,534.085,621.31195,122.61482,510.8747,479.51523,-418.57193,359.0479,483.40826,-162.45341,333.44006,743.1718,-482.63998,166.22487,721.6272,-483.15762,328.47028,795.76117,-486.6577,160.21117,785.939,-519.5087,199.55916,776.2123,-640.5917,36.063515,733.17334,-676.30493
Screenshot 2022-06-26 125550.jpg,situps_up,604.6644,166.52756,-306.87628,632.765,140.21259,-300.50534,644.7992,140.53537,-300.4723,656.956,140.8235,-300.47543,605.4673,141.61732,-276.63297,596.6228,142.2244,-276.83377,587.6986,143.23996,-277.373,693.2434,161.6614,-166.76407,597.7996,162.37013,-55.86403,635.108,199.51947,-256.56674,596.79956,199.4283,-225.27751,757.0179,294.47067,-307.2015,583.35547,284.7337,109.047455,674.45294,322.02197,-571.40845,405.1363,260.73947,-74.06317,528.83923,206.51476,-761.7172,228.85075,180.67442,-381.53094,484.28232,196.6327,-832.5656,167.82254,161.28941,-427.08337,486.6069,164.1613,-843.9209,188.6783,142.78577,-467.0941,500.1069,180.82484,-770.9078,215.19493,162.98328,-413.2092,717.715,703.16364,-121.77893,613.20386,658.74524,121.65521,496.64328,624.8114,-460.82812,419.86752,572.891,-118.13975,206.15695,818.08777,-630.1355,210.48692,741.34656,-295.2733,187.86792,878.71075,-648.1668,201.29121,805.2802,-321.0121,37.02061,770.7184,-808.99615,65.77982,709.30786,-423.4489
Screenshot 2022-06-26 130722.jpg,situps_up,117.92852,89.363594,-4.5380116,121.6206,82.863075,-18.953278,122.3935,82.951866,-18.873884,123.2203,83.069496,-18.941689,122.860985,82.29883,1.8277979,124.42897,82.03532,1.8205014,126.01719,81.92662,1.7692193,132.77078,86.384026,-65.85188,135.89088,84.79878,26.818832,121.88508,97.06505,-21.046835,123.066795,96.56493,5.8519077,145.91624,122.530426,-101.032364,152.91997,117.83293,89.26946,141.81393,114.85768,-133.74893,159.5528,126.1036,239.78986,154.72842,98.73391,-56.884693,160.1073,103.58901,401.24496,159.66916,89.0182,-61.19561,163.63878,95.6066,431.81363,163.17473,92.91331,-56.091087,160.39456,95.983574,429.28387,160.6909,97.27144,-55.66731,157.68852,100.27137,403.53073,143.53563,230.37747,-76.87469,145.32854,221.7823,76.76439,83.70658,159.16875,-77.15952,93.265884,150.91594,94.82797,43.28169,234.6167,3.831364,63.55484,222.40567,150.86388,48.231182,251.79372,13.223508,68.0472,237.56259,154.21698,8.69212,236.60057,30.449972,29.992786,231.28017,164.49129
Screenshot 2022-06-26 130950.jpg,situps_up,511.20807,256.54813,-77.92621,515.5028,229.9612,-45.55515,516.43677,230.2051,-45.379025,517.49774,230.30118,-45.799908,505.18124,226.81299,-106.65066,498.2937,223.80225,-106.7504,491.56674,220.90852,-107.06301,489.6764,232.81302,106.8903,453.95334,221.18039,-164.09383,493.73254,280.66742,-23.797451,480.93515,274.32092,-100.5082,449.4036,332.5616,173.03185,343.26456,349.1971,-271.39062,613.14514,312.57895,198.91425,550.78107,358.6997,-436.8745,524.75507,157.26547,150.9743,503.28128,171.57555,-270.79855,506.3404,122.290634,119.03917,509.8875,118.87579,-263.56274,475.61868,123.92662,160.80066,472.39224,122.81475,-289.1734,478.84903,144.40445,159.59001,471.3502,146.48944,-272.14008,538.22644,725.56824,196.50063,491.47058,775.2318,-195.76733,807.81354,434.50934,85.575096,784.6856,490.01157,-321.36487,974.0762,740.31354,58.46533,1003.1441,817.8752,-240.62123,959.381,807.5199,58.47954,990.1757,891.62036,-226.28802,1104.863,777.63947,-9.388489,1183.0312,828.11554,-270.2293
Screenshot 2022-06-26 131213.jpg,situps_up,941.11926,118.1169,-44.99941,977.9943,97.162094,-119.397995,984.7868,100.19675,-119.01981,991.6956,103.466095,-118.78742,973.9501,94.493225,-41.98495,976.3561,94.790665,-42.03662,978.73773,95.55557,-42.03878,1031.212,140.33183,-275.23206,1014.89795,127.5073,66.64989,952.3127,165.40051,-96.30185,944.02997,160.6212,3.7065682,971.0511,315.86145,-401.77765,1010.5961,311.39615,282.5298,737.2663,284.4613,-290.98538,775.39996,287.9782,576.81537,843.1004,204.87933,167.49062,819.81995,236.47801,786.08417,866.8755,172.9685,147.82831,820.76495,218.90869,837.334,892.7415,200.62988,127.34819,847.0899,232.00116,845.54425,886.35394,220.9568,166.5857,842.0551,246.10645,791.22003,720.8646,767.77435,-235.99036,764.8145,718.3564,237.51501,427.08566,451.62146,-321.84268,530.8936,387.90988,264.72842,238.96202,784.519,-104.217155,382.34656,724.731,415.62775,265.67114,860.36725,-64.588066,405.27817,791.7837,429.12894,50.756634,811.3013,51.866455,222.04921,792.27094,526.09644
Screenshot 2022-06-26 131705.jpg,situps_up,630.0195,326.67957,-23.509706,626.7924,304.69614,-6.523063,624.7933,303.6707,-6.3910875,623.0056,302.69873,-6.6450405,623.9852,303.8256,-52.817253,620.2029,301.72623,-53.002354,616.476,299.87598,-53.11168,594.64435,303.16937,66.38701,587.0004,298.7455,-141.05539,610.3448,346.55228,8.029108,606.8045,344.59775,-51.978397,506.02322,414.33563,182.9267,526.99097,403.1818,-279.7902,577.02386,567.79706,242.84566,640.52277,555.12366,-342.76764,687.9672,661.3593,184.51897,770.49243,656.447,-285.0427,712.999,666.91315,198.39552,799.9095,674.7176,-347.90997,723.06647,667.2202,132.4036,807.57874,661.3859,-320.75427,716.2716,671.3281,158.5912,794.0473,658.6472,-275.03088,333.71997,646.641,124.25252,338.95187,651.0373,-123.54987,520.4331,484.97733,346.45175,566.7454,503.38065,-34.51786,551.44293,627.3236,686.4165,565.59186,624.846,459.83252,546.4326,655.1613,721.1055,551.6738,647.1359,508.02853,600.1234,636.3487,743.06415,620.4616,624.23663,551.3947
a.png,situps_up,819.7098,411.04077,-16.42362,811.24426,400.0327,-0.2016949,808.9722,399.95377,-0.08440868,806.91864,399.8148,-0.19566493,811.5963,399.9211,-33.606487,809.58746,399.39346,-33.709587,807.6915,398.9013,-33.844944,787.94275,402.68103,60.598175,788.93713,401.48608,-88.001495,809.4476,423.49072,5.891053,809.9841,422.88693,-37.41536,770.89014,466.71957,134.78802,759.7014,476.18875,-191.20605,832.9359,538.1535,145.61449,839.0093,559.04364,-242.72617,892.1832,597.3726,88.01549,922.5823,617.7748,-203.86507,905.5905,604.58453,91.41931,940.54126,629.80493,-243.09964,904.20984,607.1246,60.788963,946.5826,622.74304,-231.59021,899.1561,609.2678,74.59657,938.67523,621.3953,-200.53171,756.8981,630.5484,99.59932,739.5807,648.6033,-99.16325,853.4956,514.56714,157.27733,863.6878,534.1446,-127.49717,901.2318,644.0869,145.83546,913.8427,655.96136,64.14162,895.5179,668.3804,143.90596,903.81226,678.7037,84.86238,955.77295,661.8717,121.958275,984.07837,663.6217,82.65744
asian-handsome-active-young-man-600w-2107462100.jpg,situps_up,230.84818,139.21297,-52.218784,234.40921,127.22011,-37.00795,238.18806,127.729,-37.008877,242.10391,128.14969,-36.958088,222.39749,125.407616,-45.96165,217.17189,124.21615,-46.017475,212.0098,123.15305,-46.04946,238.66438,130.04825,51.664318,198.18233,123.53227,9.906064,233.1851,149.47661,-20.14264,217.20648,146.98186,-32.123104,253.20154,169.79475,77.532005,150.32487,159.92072,38.858135,328.36642,171.51604,-2.412427,70.52566,167.64763,5.9193363,279.9558,136.7427,-16.735132,140.74846,130.70703,86.84141,266.9953,132.07416,-25.19136,159.65062,123.21555,98.13921,254.8328,132.12814,4.2397943,169.88911,119.39435,119.56409,255.80446,141.96349,-6.0828156,164.19983,128.50864,100.427315,224.52037,299.48196,37.16112,165.5555,304.73758,-37.063335,297.35648,195.36484,-70.149284,210.8001,215.07495,-261.49203,354.53143,335.06723,-186.85461,277.1352,348.3719,-275.91046,348.9923,365.01517,-197.87238,274.6679,369.4294,-273.8313,402.5039,364.95444,-245.11859,339.9742,381.40366,-331.57275
d.png,situps_up,842.75323,421.99335,-8.519413,836.2733,408.44534,6.2830296,833.69086,407.56235,6.3974075,831.3028,406.6397,6.259398,837.67914,409.20383,-31.025656,836.063,408.56668,-31.074917,834.5767,407.979,-31.124773,811.31287,405.7965,63.995544,815.8279,407.68256,-103.457954,829.76996,432.1219,13.140689,831.38684,432.79617,-35.56129,782.4316,466.20947,145.63423,779.4563,473.48224,-217.68845,838.68054,542.55005,145.8351,849.6924,554.3106,-276.76242,884.1571,601.56836,85.69213,919.87805,620.87604,-235.49826,896.2568,614.3816,91.27695,935.7843,637.606,-275.3272,891.45825,614.07886,61.427464,942.1496,633.18304,-261.11252,887.1522,612.9996,73.06482,933.8179,629.9086,-230.95953,753.9487,625.3502,111.838005,739.38135,640.4966,-111.39771,856.80817,524.9419,190.96387,857.95935,539.21295,-165.24753,909.99915,647.7346,140.10939,922.6001,660.57837,-28.352287,903.07465,673.29474,133.68517,913.1829,687.2797,-13.897271,969.801,663.6749,111.11434,999.24536,661.92224,-41.53292
f.png,situps_up,818.0597,418.50497,-2.8201065,810.70874,406.011,13.911125,808.5505,405.34857,13.941883,806.58765,404.63278,13.916967,811.06757,407.03836,-22.445847,809.1035,406.71637,-22.505674,807.2568,406.43744,-22.536963,787.62646,405.47498,76.02127,788.8119,408.14227,-86.062584,807.5278,428.95673,20.519566,807.8906,429.90192,-26.481575,768.1708,464.98956,147.1718,753.6979,478.20337,-191.99194,822.9129,538.5046,158.48329,817.9037,559.2896,-260.0523,875.9893,594.2282,89.76666,882.6947,609.8564,-222.77591,890.32526,603.8516,88.889755,897.97375,621.66693,-260.10037,887.38574,605.25006,58.616898,901.9852,615.1173,-251.08759,881.7133,605.9697,75.30305,895.21906,612.71783,-220.4169,746.67224,623.12085,108.33116,729.91284,644.19476,-107.90825,847.305,509.7555,149.52145,856.50055,536.81854,-150.80324,902.51526,636.3788,159.93,912.08105,652.99304,35.696606,898.00104,662.07104,160.41684,905.9092,676.8835,55.031246,958.9049,650.06683,147.34105,982.307,652.41003,42.73836
fit-brunette-doing-sit-ups-600w-198419606.jpg,situps_up,313.10764,121.003456,-413.14304,324.8655,105.08904,-377.72263,332.8025,105.92428,-377.684,340.95667,106.656525,-377.84274,301.3846,104.129845,-373.8775,292.76544,103.69663,-374.07465,284.14062,103.57159,-374.3411,349.44037,122.20959,-201.56783,271.03238,116.98826,-185.16383,325.24255,146.66145,-353.00076,295.4744,144.6834,-347.32294,395.90256,212.05383,-86.59505,225.02132,223.36192,-61.926098,554.25323,192.28407,-89.118866,65.24937,197.01665,-16.41924,407.60333,125.60144,140.77557,212.00087,139.64383,316.27087,376.92413,98.03155,159.059,239.55795,119.401054,352.84875,362.31418,112.388016,234.32915,262.925,133.95322,426.95557,368.91724,135.1514,170.80817,255.15175,152.55827,350.522,357.55643,447.91187,-25.399014,253.79076,443.09113,25.693016,397.0856,467.92957,-399.18857,162.2737,380.594,-303.07623,343.02432,627.6824,-86.15117,176.26001,614.3943,-87.0774,331.92255,648.47546,-54.168823,196.47438,659.0699,-70.19896,335.13214,695.7331,-135.45993,118.61508,680.2141,-200.53366
full-length-shot-young-man-600w-736267597.jpg,situps_up,393.82602,119.75066,7.709073,400.88895,107.586044,9.877729,404.77176,106.441666,9.947246,408.75427,105.24636,9.998636,391.63287,109.04015,24.081636,389.0826,108.58422,23.892075,386.44638,108.36265,23.498652,421.5311,104.37023,49.250195,392.28815,106.06195,122.37418,406.7638,126.08231,19.454123,395.2714,127.363365,39.857628,465.48694,155.3391,50.96499,383.43713,156.27441,181.77711,508.22415,90.172775,35.199615,331.52176,102.775505,290.0415,455.37198,109.12854,163.75223,393.07394,96.9737,366.9297,442.74875,113.22175,179.98967,410.3889,93.899506,356.26755,439.46774,123.063446,176.23048,413.28873,103.68383,371.4601,443.29913,125.86209,162.71925,408.26346,107.467896,370.60077,374.77716,313.59363,-71.97205,338.5007,300.54886,72.03429,263.1205,236.02637,-121.061485,235.88228,233.1981,-11.064609,133.20135,326.33734,-211.67984,124.73538,323.87128,-121.76904,131.3137,351.36005,-215.61021,126.52747,349.72244,-134.78732,57.52176,332.1628,-256.23175,45.50178,331.58398,-194.31508
healthy-fit-young-woman-activewear-600w-1197192517.jpg,situps_up,253.90997,136.2495,-58.325367,255.47153,123.8024,-50.246788,259.33624,122.40214,-50.251713,263.28928,120.8796,-50.203888,245.20229,127.193924,-50.30033,241.29552,128.16547,-50.333374,237.49559,129.2657,-50.458767,270.5389,121.1745,23.147556,235.04762,132.93999,23.9491,265.28918,142.30725,-32.058235,251.31833,146.953,-32.043804,314.52924,149.30673,71.314835,221.88417,172.4364,52.47525,352.05722,82.14297,49.6235,161.3419,140.07742,25.347025,288.2429,116.440056,62.03666,229.88602,130.99962,103.304924,272.67194,131.20831,48.105614,245.55585,131.17697,107.30688,267.624,137.21321,73.33282,251.15285,137.20016,114.924644,273.95886,136.2268,72.00214,247.02583,141.8535,108.45879,352.84195,288.27643,38.63409,302.83463,304.3405,-38.128384,400.08987,196.46962,-71.860344,335.76785,200.29254,-170.01324,486.80078,282.4128,-242.50699,424.34814,302.7184,-314.35178,487.45758,305.38968,-259.49564,426.5324,322.42905,-327.29782,543.9589,293.9208,-336.86078,485.26825,318.80194,-396.94382
image.jpg,situps_up,334.3888,201.52303,21.225597,331.89246,191.97827,30.054298,331.31674,191.79984,29.99287,330.7374,191.54636,29.857742,329.1385,191.85007,6.407371,326.63177,191.05226,6.346609,324.1489,190.28026,6.3558216,319.09012,190.48189,76.205536,309.76974,189.20573,-31.687008,327.92227,207.86931,37.207363,324.68408,206.77287,6.4961357,313.97815,220.67711,122.73372,282.77655,230.14142,-84.46225,364.74887,208.24379,233.3716,343.34225,237.2351,-147.21643,331.24146,179.3149,290.5845,316.2993,209.63553,-107.504196,325.32834,170.48822,287.00494,311.67667,197.91707,-104.28055,317.037,174.27046,296.58533,302.8196,202.37326,-110.1461,317.69226,178.41121,294.08603,306.72943,207.81793,-106.74466,375.82266,320.8733,79.28643,363.227,333.76337,-79.21256,466.50037,243.02792,35.050816,438.94946,249.05714,-80.21002,545.47424,310.03195,-29.792877,535.4409,323.61996,-72.02874,543.4345,326.9716,-37.828766,536.4343,345.2212,-67.95001,587.7698,317.43396,-72.8672,582.71246,322.7881,-68.998344
istockphoto-1269883929-1024x1024.jpg,situps_up,445.02863,222.551,125.30855,444.5564,209.41293,156.52974,448.42383,210.43372,157.02115,452.4454,211.20485,156.58191,428.24557,207.01518,132.49931,420.85767,206.28098,132.3472,413.5478,205.74637,131.87099,440.28925,217.24632,332.19244,388.04147,213.1628,223.17334,444.2475,243.04471,182.79419,424.86218,239.95293,150.57837,462.05652,300.53406,379.07962,318.8356,280.15826,254.44206,561.38513,292.5097,437.5067,324.63544,271.4476,163.32,482.5803,224.32327,514.0145,364.22983,220.39084,260.09952,461.13895,207.73228,473.33957,374.87085,212.28737,267.63446,448.1694,210.38074,536.2388,370.759,216.61948,251.41368,453.09836,221.65697,529.02527,373.54605,222.39117,254.65367,479.46347,514.1514,68.74498,390.13428,514.9138,-67.388664,597.33594,327.88818,35.646553,499.38947,337.3315,-139.6305,734.0736,527.7568,-177.70398,586.33685,579.907,-364.13593,716.5973,582.5478,-202.87608,558.07855,621.4194,-374.81732,878.6907,598.7954,-318.1164,701.34247,699.8054,-439.7139
istockphoto-1276686282-1024x1024.jpg,situps_up,389.14996,203.91943,-302.367,416.30573,173.61252,-299.37802,427.16837,174.14317,-299.41287,438.2904,174.65395,-299.61984,389.4236,171.54959,-272.2989,380.8986,169.60135,-272.63077,372.2163,168.07509,-273.45514,467.9099,181.69942,-178.2177,379.20587,168.75781,-51.491936,413.9867,228.55023,-252.45102,380.4402,224.64384,-215.47556,543.91656,293.48862,-102.76981,327.77768,277.18387,86.6523,632.3766,157.36343,-82.99263,192.1089,165.60382,118.4413,495.56,163.03098,248.1009,361.03568,172.7769,295.9529,465.2619,162.38907,263.4727,407.28918,167.5568,293.83636,458.4006,180.6032,314.26663,408.5615,182.89633,352.92932,467.81494,188.57535,266.8976,395.3762,195.41425,317.57397,439.64264,686.4954,-81.055084,304.1027,663.3881,81.76628,440.47125,883.33636,-214.64539,262.2248,831.1485,-109.019455,431.79544,1152.9977,-121.41081,268.00452,1112.2042,55.546703,447.07062,1198.9274,-119.99108,283.38736,1156.0625,64.21205,376.17413,1206.493,-333.99722,226.10947,1178.6453,-99.03967
istockphoto-1329965778-1024x1024.jpg,situps_up,343.02786,256.18866,29.505714,338.48535,238.15788,44.538586,341.34937,236.73343,44.703667,344.24518,235.1786,44.53423,326.7267,240.45491,24.036098,321.09225,240.59392,23.954136,315.5558,240.81715,23.765467,332.23184,229.96306,174.16086,295.61505,238.20735,82.63619,342.7896,263.19644,78.41427,329.90424,265.5456,52.307556,366.33655,264.71713,218.59436,250.64789,286.72046,113.61432,433.63782,246.19133,194.64389,306.0333,292.6346,110.523895,346.28003,217.82753,227.59267,268.47357,235.15906,285.31592,322.9043,209.50099,198.54292,260.82855,217.12839,303.98938,317.91272,213.73508,242.23776,249.90903,218.74841,291.70343,324.54114,221.83891,239.60103,258.33978,225.90894,283.4098,421.5178,427.37753,73.80301,361.28476,449.207,-73.27289,526.5115,332.02765,-37.71493,462.83655,331.40976,-225.02702,637.5809,465.13507,-165.02344,577.1449,517.2127,-375.2558,636.9363,492.83588,-180.20242,573.2057,549.01685,-386.421,702.51385,509.29297,-274.6883,675.39386,566.28156,-450.6764
istockphoto-1370649785-1024x1024.jpg,situps_up,365.75565,166.49498,40.316254,365.27402,153.93723,81.884766,369.31296,154.7426,81.75385,373.45337,155.30795,81.6236,350.21973,152.38931,55.926872,343.3978,151.60841,55.89064,336.68768,150.9745,55.962048,362.90326,163.66621,256.61746,313.66547,159.58514,138.25076,366.46887,184.89981,101.34338,346.88654,183.12024,65.76783,391.53348,237.70818,301.8541,248.28882,233.52623,111.224724,477.94858,260.74652,193.84532,214.85794,263.70288,-91.094894,405.78864,211.35742,170.12262,291.12024,193.75893,-26.934984,390.09238,197.95012,132.44536,305.73175,174.27608,-44.120167,379.70944,195.54239,184.07964,309.61624,174.95644,-12.384826,381.03406,207.35582,182.96152,306.65985,186.8935,-11.965405,396.16672,429.87137,88.34831,313.74466,453.77182,-86.91708,510.1859,330.18732,-137.52798,401.4038,359.31064,-417.72525,616.1052,474.23587,-163.27954,497.21457,542.7311,-447.82126,612.964,506.9516,-171.14232,499.94138,571.7411,-453.6535,697.1765,517.8421,-272.72623,568.2068,597.8778,-574.6198
istockphoto-472598770-1024x1024.jpg,situps_up,719.16205,274.1108,31.586592,731.6861,254.32298,46.22816,739.43274,253.1198,46.34041,747.24316,251.78229,46.466064,711.9642,257.1702,61.348152,705.01184,257.40283,60.95625,698.06665,257.83038,60.366493,763.4168,256.08035,166.21799,697.9501,262.23392,242.40717,737.5913,288.48853,73.12546,711.09515,290.7369,95.31235,827.91736,323.44843,168.47409,674.76355,329.16364,303.85205,964.11316,314.44568,4.860122,585.85425,299.86047,116.76508,891.90186,297.55072,-167.06328,576.4822,285.5667,-88.22858,880.9676,294.35278,-226.67078,569.1429,287.4723,-140.52538,861.5181,293.94745,-227.41745,579.65393,292.35745,-143.83423,863.0572,304.1351,-177.10226,586.3411,300.3392,-98.03438,737.53864,574.0902,-89.63792,663.83,555.97394,90.184235,658.08356,381.22586,-295.58066,560.321,380.43686,-68.66563,497.88715,583.1593,-458.2765,417.70474,576.596,-256.16605,491.98535,629.5664,-471.9561,416.8352,634.5336,-277.75726,384.11847,596.32574,-566.09424,310.1546,579.5511,-379.9604
istockphoto-473616150-1024x1024.jpg,situps_up,667.0028,220.25499,21.429003,685.0297,200.76868,27.65298,693.5089,199.63704,27.767035,702.0026,198.4001,27.84063,666.51715,204.15648,62.19094,660.98364,204.89066,61.67195,655.41595,205.93887,60.97916,730.5618,205.97984,111.012985,669.964,212.42091,272.7818,692.32196,236.98311,51.011402,667.5489,240.21117,97.238075,806.4386,289.7629,74.82998,659.09436,297.5684,363.88834,887.84686,262.71442,-117.7057,569.6837,248.24657,316.0288,802.3817,228.43275,-233.56001,644.4592,215.65753,316.59827,781.25323,223.22375,-273.45776,665.9233,211.58931,291.34454,775.2919,219.37311,-273.17773,674.02875,214.92465,307.10364,781.9216,229.97318,-241.59758,667.77747,223.91357,318.39426,711.3842,580.82495,-124.31388,640.47064,551.9812,124.32146,571.05817,427.7963,-432.01105,499.25308,418.16953,-66.5854,374.31058,586.08777,-701.29315,315.2406,544.9561,-351.79416,366.83093,636.7895,-721.9536,309.85275,598.66266,-384.27325,257.47205,564.326,-827.6895,184.38739,517.06085,-476.80695
male-morning-workout-sporty-man-600w-1856506576.jpg,situps_up,428.11932,94.62963,69.98675,440.0462,86.85552,73.74558,444.44803,87.57039,73.83118,448.9499,88.2107,73.82366,429.1142,84.924416,91.02634,425.8298,83.89424,90.722885,422.39752,83.02299,90.32243,460.6078,96.38811,113.6623,425.86484,87.29758,198.6173,437.69116,107.72013,81.40548,423.8223,104.60469,106.156715,489.81754,153.58817,129.7726,400.7269,143.81145,236.37102,557.2311,117.301,142.7107,360.4981,127.54202,305.12756,487.4761,101.64188,316.23163,411.29745,101.49069,357.5199,472.3897,97.186066,326.86707,431.39777,95.73803,351.93417,465.29645,101.47354,341.32214,429.8204,93.2437,355.82693,468.93573,106.838066,320.29742,425.55142,99.96543,358.2228,391.18988,285.1869,-63.52535,353.16095,261.59726,63.644814,271.4537,255.12453,-118.30524,255.50784,233.95892,-14.849695,130.68283,313.55612,-186.47935,136.20435,307.65735,-103.974014,120.18322,330.64987,-190.33488,130.7934,330.68124,-113.59531,66.23456,313.77487,-235.0866,67.30539,312.84827,-162.50867
overweight-woman-exercising-under-supervision-600w-1653434461.jpg,situps_up,458.4803,58.3991,71.30095,469.20407,54.97493,73.592964,472.5034,56.27935,73.569046,475.90234,57.50386,73.431,462.43182,52.757023,88.36942,460.7589,52.014515,88.304474,458.948,51.418835,88.232056,484.39108,70.353264,100.99467,461.22858,59.868668,167.93713,463.25842,73.697495,77.36428,453.52887,69.74257,96.20069,500.188,130.77559,61.428185,436.64392,124.61747,203.52634,545.73975,121.53949,9.578637,438.1668,115.83126,280.58453,512.10394,88.02697,72.361786,464.77054,87.38622,363.55722,507.47195,80.44559,74.674995,474.18823,82.33256,364.4076,500.4181,81.91576,79.173904,472.21127,81.09185,367.11237,499.19623,88.234604,74.32533,470.91724,85.52355,363.63556,412.94052,286.3769,-68.064545,380.37723,270.73026,68.377335,278.15143,211.31905,-122.2385,249.67616,191.5611,-4.7484813,181.97299,309.00226,-253.70647,183.36133,291.37454,-138.18414,185.2764,336.33377,-262.72787,192.62364,316.31012,-151.23735,107.24325,306.30267,-285.27005,112.582146,299.11774,-178.7557
pexels-photo-3076516.jpeg,situps_up,442.89526,149.64362,65.8229,439.1391,131.31255,96.24174,444.14908,132.97081,96.61502,449.2263,134.37868,96.46162,419.03406,127.29183,62.192314,409.5481,125.84721,62.080906,400.15018,124.49104,61.858505,428.61426,146.8811,286.54584,365.6329,136.78658,133.6163,441.14185,177.58368,132.8069,416.3537,172.44223,88.17154,482.00696,231.90446,329.62857,287.23563,263.739,152.52252,632.419,216.79001,293.76096,360.20554,285.02347,-100.099915,497.4824,144.3393,238.99129,348.61786,158.57991,-156.14764,463.2947,126.27872,176.19994,341.28424,125.06649,-171.66995,446.46436,129.43137,242.95052,335.707,124.78135,-164.18661,454.44977,145.71527,255.92296,347.38794,137.93315,-155.49962,589.9454,473.3971,97.668205,502.20593,517.10706,-96.526085,740.1419,284.5807,18.651123,654.7511,281.6138,-228.8969,888.7763,487.61554,-71.5328,850.1793,533.4057,-316.9883,879.9104,530.9071,-84.73363,843.12897,584.992,-320.91452,994.3053,537.0446,-215.709,1002.6046,577.17175,-420.7735
pexels-photo-4939443.jpg,situps_up,253.76227,272.97278,-97.70673,263.93408,261.65005,-79.65336,269.4617,261.54297,-79.6103,275.06805,261.39594,-79.447075,250.49901,262.31784,-68.5394,245.94748,262.24442,-68.63483,241.43423,262.38635,-68.82383,287.56223,268.6882,20.479172,242.90454,268.71777,75.611176,266.417,286.71686,-63.236313,248.169,286.85214,-47.593338,329.27216,321.09537,24.319086,221.7702,326.05225,117.101585,404.9148,326.48438,-165.24632,135.1181,302.72543,-23.537384,340.91116,294.39304,-285.20087,207.43492,273.15732,-97.49971,326.60986,284.10977,-309.27948,222.40791,268.38828,-104.229675,319.96576,288.18542,-287.31674,235.65138,275.7673,-76.05459,324.2302,298.60605,-281.93408,230.28035,283.8921,-88.677376,296.28915,493.91833,-57.37918,237.89738,487.3657,57.779858,260.91122,440.11234,-367.13678,135.09772,424.56415,-213.9527,221.9662,622.6557,-343.6354,112.17502,600.3348,-247.50015,224.72253,641.30493,-340.70294,129.65831,625.0984,-252.4455,173.31377,697.9315,-448.06683,55.937916,667.0992,-341.8915
scene00091.png,situps_up,590.39667,167.8185,38.898563,604.6381,149.6613,62.352005,612.1738,149.48112,62.57299,619.7208,149.23517,62.54006,586.198,149.81316,78.678665,580.0099,148.91959,78.63756,573.826,148.36192,78.68502,634.4288,153.85439,197.92543,573.9834,150.72362,276.08713,605.3519,183.1059,86.125854,581.2821,182.03021,107.93014,686.7583,215.09222,138.76665,539.0183,228.22964,362.1611,711.7694,290.50082,-174.49344,433.3642,263.86118,124.24941,654.1311,172.32968,-346.73734,508.97235,165.98799,-53.18264,640.8705,139.58167,-379.55463,525.24817,145.3196,-92.76875,643.6697,134.76686,-362.45877,541.60596,143.25288,-52.58629,644.08575,153.89326,-343.4051,538.0725,157.14331,-44.042282,661.9159,445.20703,-96.563354,581.9383,449.46735,96.655014,592.7092,276.57022,-340.48096,452.96265,290.12085,-91.45068,515.9817,505.92657,-474.41266,396.85852,503.21802,-431.26062,520.54004,543.63495,-484.3358,414.85083,548.8364,-467.21704,425.07422,564.29596,-623.47656,305.505,545.4071,-582.1561
scene000911.png,situps_up,212.86752,90.15677,39.210392,214.8656,78.36024,28.116282,217.15498,77.33739,28.0844,219.48895,76.34125,27.96517,211.49518,78.74713,48.41632,211.44756,77.94673,48.321304,211.42363,77.278656,48.240437,234.41588,70.58911,2.101862,223.04318,71.015274,95.93825,224.86069,93.24113,28.571545,221.20685,93.78677,55.605736,275.30566,108.731575,-44.36704,246.39421,94.532455,117.293,211.49873,143.39885,-20.252605,196.3285,122.34525,59.47651,217.74277,85.02863,96.49082,213.79736,84.71176,-82.53038,213.82831,67.969505,98.50034,215.09486,71.59615,-112.585045,223.77417,66.02453,86.12826,226.97044,69.893845,-97.46767,225.09894,72.196304,94.70769,228.6637,77.40984,-84.12143,232.39313,225.13263,-67.153755,220.78435,207.38979,67.15419,139.59123,135.60051,-85.57156,139.11844,122.07968,26.205877,71.37922,228.24867,-53.214706,75.73901,215.62267,23.094107,75.197426,249.75665,-45.841476,80.44165,236.17169,22.132607,15.995593,240.08833,-62.69605,16.703552,234.0424,-6.7126703
scene00181.png,situps_up,809.0709,410.3753,-15.85214,801.7626,399.18307,-2.8531525,799.88464,399.29504,-2.7505288,798.17786,399.30008,-2.7541819,801.6043,398.67914,-34.924446,799.52014,397.9926,-35.04248,797.5662,397.34897,-35.131603,780.7905,402.84824,51.111145,779.5725,400.51465,-93.28555,800.15454,423.30618,5.0315275,799.5648,422.2409,-36.822468,773.85345,468.19675,131.00084,754.80664,470.05493,-195.877,850.1561,523.228,153.0764,849.62616,523.3597,-253.44237,925.3136,558.8022,117.18912,941.0339,551.4626,-221.51787,940.8493,561.2194,128.23535,960.67004,556.9378,-263.08386,942.9026,561.4172,92.20788,963.3796,548.4308,-251.25618,938.2669,565.3318,102.888626,955.6323,549.55383,-217.9364,778.4311,628.90106,103.857124,760.20984,647.16406,-103.39115,861.99396,520.1203,159.53143,867.32,530.1993,-146.48883,923.5658,644.12445,133.18616,930.4361,650.2553,47.959274,921.2201,668.1337,129.91476,924.70667,675.6679,69.02755,972.98834,656.7725,114.20671,997.5099,647.67017,68.17577
scene00271.png,situps_up,659.56055,175.14554,11.313301,673.1566,158.05482,34.124187,680.3513,158.16776,34.21691,687.5735,158.24094,34.19442,654.5334,157.30107,43.557198,648.06464,156.11081,43.503613,641.58704,155.21866,43.542046,699.16864,163.29535,178.65662,638.5999,157.57263,227.55411,672.9767,189.95065,63.15445,648.05695,187.66525,76.26737,742.0742,230.21577,122.908585,603.7024,229.97964,339.23703,761.9525,295.97333,-160.25757,521.6562,265.98816,102.31023,711.18933,184.82195,-336.8234,581.9825,170.63782,-113.42544,703.21906,154.64888,-373.28122,593.8929,147.48141,-161.69951,701.667,150.98834,-358.87494,604.6717,147.44406,-130.96541,701.4469,167.46614,-335.60205,602.5363,160.99782,-110.15668,684.9463,455.3678,-107.937515,612.4649,450.1441,107.85521,602.36646,280.78015,-310.50427,485.91068,294.48074,-48.09605,522.2958,510.05652,-413.06696,399.71027,495.5963,-316.3374,528.5399,553.6509,-421.6412,413.82294,538.8494,-345.5731,428.61456,559.07117,-530.9674,298.80487,535.9839,-445.195
scene002711.png,situps_up,277.95346,105.72081,37.97617,284.4079,95.561264,21.375637,286.7448,95.31218,21.332361,289.11798,95.11448,21.285097,281.81418,94.92062,40.212185,282.0945,94.16443,40.21706,282.3277,93.51886,40.064934,302.18958,94.716,-13.662965,292.836,92.01405,72.88207,285.81955,112.06479,25.482029,282.64734,111.63413,50.16317,314.56873,137.44206,-68.771835,298.11594,123.8729,101.17321,237.7857,129.30869,-41.923756,251.72987,128.55043,102.91843,288.4195,85.39222,69.54073,297.40802,113.05608,13.618515,295.34262,69.18244,71.60435,306.0896,104.032234,-12.065703,306.83896,77.600296,47.884296,315.29718,107.890236,8.316922,304.6552,82.820946,64.26757,314.85925,112.93981,15.927998,224.95238,214.84561,-69.762375,220.21767,203.15106,70.024506,131.60667,143.48633,-71.34401,138.23587,127.74513,94.950325,70.017975,228.3149,-60.968277,105.76685,222.79324,80.15679,77.323265,247.31271,-52.92137,115.96006,242.49979,77.2162,13.877192,240.34851,-38.393322,58.9339,243.98961,68.44238
scene00361.png,situps_up,227.17905,93.41893,37.742424,229.53906,81.213,25.754473,232.02783,80.230606,25.7094,234.55702,79.25467,25.626709,225.74019,81.49508,46.588543,225.40092,80.60428,46.515488,225.07587,79.84913,46.40062,248.90445,74.361595,-2.4440787,235.67929,74.344925,93.64122,239.03793,97.37353,26.185596,234.35045,97.76215,53.753757,291.11365,116.23441,-55.48796,255.12108,98.745544,121.95619,223.79785,151.54797,-33.147346,198.96509,120.40779,93.4282,234.4293,86.98102,92.40646,225.61234,89.06793,-40.28885,229.72318,69.77567,98.881134,228.55037,78.88063,-69.9524,242.02142,68.84923,83.89749,241.64691,78.978264,-55.546066,243.62477,75.098625,90.69403,242.35127,85.312805,-41.435375,237.28679,224.72922,-73.44955,223.08273,208.73187,73.5193,144.88368,129.74126,-91.775475,138.84573,117.42111,42.005455,81.799225,230.20247,-76.15766,79.02812,219.42282,11.438547,88.23323,252.14636,-69.96037,85.632416,240.82884,7.590495,22.254353,248.57947,-86.396904,20.383945,241.12927,-24.720755
scene00451.png,situps_up,678.6837,185.83539,14.79479,691.2054,169.04225,33.647385,697.9206,168.9128,33.74169,704.7138,168.72978,33.69298,674.0846,168.75317,46.618824,668.0928,167.61984,46.50826,662.04846,166.8071,46.49475,716.52686,173.8716,153.91432,660.5763,169.21983,219.86343,692.64294,200.2815,56.237633,669.33966,198.52818,74.25723,762.23376,240.50708,89.913025,626.1489,242.05286,312.105,763.0138,272.14606,-168.69638,519.00696,254.64323,103.2097,727.74817,177.72931,-254.1809,599.0266,172.01738,-131.19089,723.7414,151.90273,-266.16815,614.81635,153.51549,-180.15851,723.297,156.7235,-258.84525,633.7889,156.06476,-140.46033,722.5842,171.63379,-253.77039,630.05383,168.95673,-124.372925,693.87726,465.07327,-105.290054,626.24243,460.09305,105.230194,592.7235,312.24612,-266.37396,499.6914,308.54044,-82.33412,514.86926,526.86676,-388.14813,394.8848,504.4247,-336.30466,521.08264,571.1197,-398.21655,405.7202,552.888,-363.34113,433.3089,576.95966,-487.89578,287.303,538.416,-452.8719
scene00631.png,situps_up,874.71497,218.70613,-445.50894,847.7147,198.45303,-427.544,846.1157,198.05019,-427.49063,844.6822,197.52196,-427.83807,844.66943,201.65947,-490.35632,838.9092,204.05833,-490.35626,833.28766,206.42625,-490.6952,806.3332,226.80795,-275.06262,795.00024,235.97421,-548.78876,866.88116,255.92032,-380.33417,860.2513,258.74948,-459.19482,734.30963,394.56067,-64.651276,860.809,399.38553,-574.3376,943.62616,482.9677,161.56178,1091.085,516.6742,-392.7619,997.4746,446.04144,300.3369,1108.0851,418.3697,28.229212,1002.4925,436.48285,297.81583,1113.2546,389.06677,28.616604,983.97375,436.05453,296.38794,1076.3545,372.0404,29.144186,988.1492,447.23837,300.90472,1068.4264,389.14423,37.263763,956.3297,680.1427,184.2161,1049.9103,717.801,-183.01006,1160.7142,414.40518,318.9674,1294.8895,427.88293,-149.11446,1291.1505,666.3888,480.90076,1369.6826,649.359,353.3532,1275.1604,727.7928,511.4088,1342.7444,708.40686,428.64716,1405.5807,647.83435,654.6656,1484.0863,599.8187,648.16486
scene006311.png,situps_up,722.2724,217.69308,-257.35272,718.5128,198.3705,-243.87927,720.36383,196.58392,-243.7916,722.3188,194.72581,-243.93466,709.6638,201.88214,-276.47015,704.6947,202.45837,-276.60858,699.81573,203.07631,-276.8601,708.7853,195.60359,-143.71413,678.3003,206.05698,-286.28888,719.4856,228.07628,-216.85957,708.7053,231.38956,-257.46967,695.5508,240.96086,-59.923035,646.19763,290.5524,-310.26376,813.76636,270.97812,-208.49303,788.3798,306.61282,-382.76913,736.6681,209.0723,-414.7716,749.5385,212.83333,-256.49744,717.9176,190.37311,-446.17645,750.2874,181.04565,-252.296,700.29065,191.22191,-415.9737,726.5301,188.8865,-253.80644,704.8998,203.8333,-408.56296,726.08673,199.97446,-251.2684,754.4233,435.7212,119.008026,747.67285,488.26926,-118.63201,895.9657,292.58875,84.338104,914.93335,350.265,-174.55652,997.8757,453.19534,79.2942,1009.43335,483.1183,-7.845189,993.0036,486.45642,82.281334,999.0603,512.3673,15.43848,1069.7302,475.8262,58.932804,1093.1011,483.01105,20.744574
scene00721.png,situps_up,359.3488,91.039764,-50.965736,370.32446,90.78316,-48.409225,372.5481,93.480064,-48.36805,374.8323,96.222435,-48.57924,366.08447,84.8418,-30.923485,365.121,82.94529,-30.907679,364.16275,81.18383,-30.607616,378.8083,107.619026,-32.38259,365.80798,87.56291,43.67567,357.68826,106.40882,-46.53335,352.33435,98.31296,-24.924618,368.23657,150.59438,-77.2256,332.45822,125.70528,81.38182,354.5589,132.64198,-23.20433,292.78012,78.59681,-11.768776,374.92896,115.2316,123.1076,341.78027,92.56138,-121.20445,379.51688,110.544914,126.20971,349.2886,95.979294,-128.30473,381.56287,114.85699,123.08508,358.51465,104.637955,-107.633354,378.64972,118.38406,124.5513,353.92697,105.96771,-116.98493,325.00378,275.8688,-65.89804,302.84454,253.12167,66.2581,254.17993,254.16745,-122.42515,238.49619,203.72165,128.01701,280.7119,269.67618,69.06273,252.69365,256.28006,173.91568,294.72058,270.9645,96.13977,263.22964,267.84586,179.6881,260.32382,277.41928,156.59511,227.94249,262.25635,196.04987
scene00991.png,situps_up,680.61676,213.2854,92.20448,694.93036,199.06718,93.73567,701.48816,198.93013,93.72285,708.09314,198.73074,93.501785,680.8267,199.5218,127.681076,676.73425,199.08855,127.56805,672.6212,198.90605,127.50859,726.99646,205.26218,139.16212,681.15594,203.34462,290.9046,696.76404,228.10454,106.45356,678.43274,227.47778,149.38321,771.0685,286.8495,27.386593,653.1121,274.24716,358.0722,670.5005,351.23193,-78.18858,554.7437,288.67288,175.85968,708.3932,230.45778,-8.732048,635.6311,211.40259,-132.38878,714.3817,195.30022,-10.607918,651.716,192.83838,-189.10587,729.151,203.58717,-30.658798,676.8452,193.1519,-153.53882,724.17773,219.04399,-12.50052,674.1342,205.64131,-129.33847,686.9524,505.9123,-127.032455,627.172,493.72128,127.3668,542.77893,380.60144,-234.33499,490.89734,370.27023,-42.061325,390.75333,531.5085,-513.2098,364.85748,505.76926,-387.7686,391.56903,581.1868,-534.26764,364.87268,549.5189,-424.1312,289.68143,528.231,-595.7126,269.1888,502.75256,-491.84537
scene009911.png,situps_up,323.66492,85.54257,-63.987522,332.84222,82.68688,-62.527203,335.0687,84.38368,-62.491898,337.36844,86.076805,-62.536934,328.1567,78.992065,-49.13524,327.0059,77.79282,-49.150993,325.84903,76.728775,-49.056396,341.48648,95.61473,-46.407562,326.80792,83.03541,10.465144,323.75116,100.208374,-59.444756,317.58478,94.83567,-43.40229,341.72244,142.30379,-100.75491,293.24683,127.6345,79.8189,324.6004,141.66754,-94.986984,206.69833,109.9198,45.287075,330.67303,129.40988,-16.77359,212.21698,112.963745,-31.971882,331.5524,125.10827,-19.940268,210.85187,114.46618,-34.5032,333.71216,123.83075,-33.47675,220.97083,117.15633,-27.829437,333.16776,128.30275,-20.099821,221.38257,120.80081,-32.038525,324.11017,281.62335,-71.38704,297.56076,259.44608,71.63983,227.46619,239.02419,-152.84422,225.24649,177.84143,111.19685,255.5622,277.23096,76.66691,233.05557,261.36374,118.39378,271.07623,283.69485,104.621284,246.31087,279.51517,118.584366,224.65695,281.30396,176.78894,193.78873,271.55923,145.56482
scene01261.png,situps_up,710.5859,212.3082,-258.33093,711.56433,192.71504,-241.8205,714.4673,191.90952,-241.80269,717.4928,191.01114,-241.90523,700.6558,193.10515,-272.26538,695.25073,192.41312,-272.4301,689.93567,191.75285,-272.68298,707.11426,190.63509,-121.70253,670.3427,191.0496,-257.0187,708.79266,223.57396,-211.46408,695.55664,223.11026,-250.13853,704.22614,237.02939,-28.627052,629.6506,275.1962,-305.3109,816.8081,287.3653,-218.0677,778.5331,307.72375,-399.5673,742.85925,221.20618,-482.20282,766.94,225.77365,-281.43985,722.3683,204.77484,-519.22845,774.53705,198.4001,-279.99728,705.26,196.8976,-495.34906,752.3292,202.51854,-277.242,708.5917,208.33391,-479.25204,750.1541,212.24977,-273.53864,762.9164,446.5295,127.29315,741.67145,495.7606,-126.92337,904.53625,297.74875,94.41885,907.62305,348.0606,-173.85526,1004.2058,456.11307,75.59531,1013.5682,476.1122,9.684345,997.86255,490.27133,77.39442,1004.96796,505.76978,34.131252,1081.1863,480.40997,45.131203,1101.5748,476.44196,26.238478
scene01351.png,situps_up,640.49677,208.47661,-118.62689,634.05164,192.47403,-95.756004,636.79205,191.55798,-95.68631,639.6039,190.52147,-95.6823,623.18164,194.63242,-128.25253,617.84375,195.38861,-128.38731,612.62085,196.18745,-128.82732,631.12177,196.55818,31.946318,594.8066,205.04118,-106.65437,644.4711,222.37653,-71.97601,631.2163,224.63803,-111.822174,662.5988,245.53937,95.11605,571.1379,302.1926,-168.70297,780.5151,269.85968,-135.15204,730.53925,301.02286,-304.81998,686.5136,199.23581,-448.47833,673.63715,210.62784,-232.33408,662.7854,178.0646,-491.66754,668.6797,178.5808,-223.41531,647.6,175.4746,-466.84842,646.07416,191.1557,-223.796,650.9211,190.5765,-445.18283,650.31244,200.50188,-225.04945,744.24036,429.7043,135.23134,715.73334,481.41284,-134.6033,896.48474,280.52966,101.00351,895.60864,303.95273,-216.58527,932.777,468.09692,56.887016,982.26636,479.9599,-102.517944,914.04285,500.6829,57.097492,966.06494,516.38336,-84.82738,996.67334,514.6007,39.566933,1081.4253,499.3661,-81.13021
scene01531.png,situps_up,809.2276,250.40921,-129.86852,793.85754,224.29062,-132.45059,789.54724,222.90958,-132.4296,785.3847,221.51274,-132.91566,798.1681,228.78708,-189.68658,794.9998,230.03984,-189.60979,791.8901,231.34349,-189.59016,748.5028,233.3415,-88.13396,759.996,241.83168,-349.4538,793.9372,276.2507,-108.43333,795.53546,279.24396,-182.23964,632.14246,392.76407,12.218839,792.7021,381.02042,-432.38608,729.67676,565.7187,193.74057,989.3611,507.73187,-265.20633,769.4942,635.5331,500.34634,1016.48267,433.5716,135.52252,776.32635,659.62665,545.3927,1030.4174,412.52634,154.552,766.44806,665.73157,570.2361,998.27716,399.0347,147.67464,766.37555,660.18634,517.747,990.3542,409.85352,141.67755,853.3773,724.61237,210.90373,941.92676,740.1433,-209.55125,1044.9712,406.0841,340.64322,1157.8232,430.49548,-160.1629,1162.2041,680.9175,540.77966,1287.1661,680.2259,335.52832,1144.5682,737.85724,568.8444,1264.4971,742.4339,403.38327,1258.3916,689.4533,641.505,1420.1807,645.82385,574.2911
shutterstock_1201684204.jpg,situps_up,544.2063,142.87659,59.21412,550.4726,129.09369,45.099174,553.5722,128.41295,45.11183,556.73517,127.77964,45.0098,546.38293,129.08568,63.45045,546.3595,128.48022,63.37964,546.2996,127.973885,63.103413,574.45917,125.98878,14.527555,559.826,124.91176,100.219635,555.58154,150.0247,48.897285,551.12915,151.05063,74.1173,604.64075,176.55316,-43.260773,569.5285,167.69418,141.53893,528.3141,182.67242,-15.624285,504.38458,183.11542,119.27435,567.121,108.77128,75.80511,551.3643,117.02293,77.14942,570.1495,86.09648,72.367966,562.59015,94.93785,64.23755,584.3072,86.42081,52.891407,572.013,92.77215,86.13571,580.3055,95.55905,71.784,571.68036,104.098976,81.05661,507.91257,310.1789,-69.64042,493.33847,297.12698,69.70296,380.75482,261.39996,-74.18164,380.50183,259.12827,26.79842,245.87602,302.1706,-90.58229,252.77904,294.0647,7.359045,231.3177,321.24228,-85.88039,235.80225,312.41852,1.9829613,195.35968,279.06763,-96.95883,210.12123,276.55807,-38.547314
shutterstock_2014017647.jpg,situps_up,466.55847,100.71619,70.70119,476.03296,84.327484,71.58547,481.28308,82.79,71.550255,486.53998,81.180595,71.403625,465.77295,87.26478,96.092026,462.7528,87.52344,95.92844,459.7837,87.96207,95.83753,506.68616,81.69799,101.746605,471.4503,88.81562,211.87068,484.50198,108.6116,79.12032,469.65823,111.63754,110.36128,563.29297,136.74197,28.861523,475.42245,150.75397,268.17435,525.3746,229.11331,-36.71819,427.0278,203.98141,207.19974,524.80414,141.49211,-25.171095,425.04153,154.54503,47.462234,524.05817,117.123085,-32.73712,422.55896,143.87662,7.987305,534.2788,113.841835,-50.01599,432.12036,137.68298,19.572903,532.293,123.001526,-31.661818,437.04846,143.48187,43.54756,568.7743,322.05518,-82.69806,524.5751,325.64377,82.918045,439.59995,187.80902,-158.6521,411.60376,214.11913,31.17747,376.70914,339.0875,-218.38153,360.45224,339.14603,-136.6666,383.225,370.98993,-219.30322,369.88565,366.1969,-154.97087,315.47757,368.45923,-254.266,294.93158,367.4608,-191.93811
shutterstock_609082940.jpg,situps_up,534.9587,67.13729,-31.59045,547.8911,58.279926,-37.824768,551.7756,58.732857,-37.7942,555.74316,59.215538,-37.746323,540.8554,57.142464,-18.816553,539.69104,56.494324,-18.800909,538.33185,56.008865,-18.767784,568.60126,68.46422,-23.688997,545.65875,62.111755,69.55367,541.95215,82.27815,-27.783127,532.88684,80.28876,-1.2405405,583.8518,147.89383,-58.878025,502.68808,126.39571,156.99777,539.25006,128.98244,-141.87917,404.857,99.68859,289.89276,566.8506,72.59484,-47.04606,491.12564,50.817944,333.56827,575.39435,54.495083,-36.13389,514.5523,38.15878,323.9049,579.7346,65.6002,-48.01876,526.1861,42.587975,344.6642,574.31635,74.21863,-51.24212,519.7369,49.70817,338.75375,455.0411,323.51013,-81.38155,420.29874,298.28238,81.50161,331.49707,254.524,-129.005,313.77124,221.83035,-19.299295,194.9402,368.788,-188.14162,154.28738,307.60645,-134.19142,192.6926,396.90884,-189.97621,144.91977,336.30942,-147.48409,114.36786,379.10803,-214.45964,72.4219,305.52563,-188.5183
side-view-man-doing-workout-600w-232660792.jpg,situps_up,346.24835,140.79405,70.232956,342.84415,130.87286,44.40635,343.31927,130.00346,44.459274,343.71942,129.18663,44.41604,345.51944,129.6126,87.231064,348.20288,128.25854,87.20591,350.90845,127.14079,86.92224,355.087,124.54656,-65.37489,362.71774,122.83494,128.58015,353.4125,144.96227,27.986542,357.64743,144.55313,85.21188,395.61447,150.7528,-185.38678,404.19986,144.61066,217.83232,313.2853,154.64574,-109.49381,356.17114,128.27234,469.6507,368.65186,98.326225,107.48187,380.07404,84.055824,690.2699,380.09677,77.7395,102.99278,389.778,72.03026,720.94293,398.98352,87.55459,81.32774,396.2256,73.56119,719.80255,394.5775,98.51698,108.56614,391.6305,79.78117,689.6215,392.37543,339.11337,-148.58586,380.32565,331.28827,148.65639,225.51096,292.42407,-173.32254,245.84387,263.17053,69.09245,96.73866,359.88144,-117.24101,135.50308,351.8197,139.44403,91.50921,388.0443,-108.359,129.81726,380.00754,138.46776,37.965275,335.8646,-154.5951,72.48488,343.80573,76.64624
situp.jpg,situps_up,3177.8887,1004.737,248.05775,3286.799,910.89075,44.13031,3312.9526,913.65454,44.23043,3339.3867,917.0137,44.250088,3264.982,903.3782,262.62946,3273.0083,900.8113,261.5473,3281.0618,898.94495,260.326,3506.933,977.97864,-414.01776,3424.751,945.39056,573.5845,3255.117,1119.795,86.82349,3223.5251,1109.7274,375.1492,3530.0247,1602.2736,-720.8663,3442.3499,1448.5448,885.6376,2578.418,1859.4482,-191.4063,2678.664,1750.0757,769.86,2920.3086,1545.5476,703.90643,2967.1555,1571.0067,-176.49792,2966.6226,1424.309,600.53357,3016.8308,1480.7227,-353.54337,3112.2031,1441.0127,427.95627,3122.3748,1477.7874,-205.04744,3088.889,1480.1768,668.8727,3127.7847,1540.583,-161.61295,2601.0564,2739.8523,-626.48535,2639.9893,2517.6267,630.059,1466.513,1970.6471,-892.80035,1683.1394,1688.2715,816.34784,722.056,2871.1396,-197.08476,1110.6788,2632.0105,1063.6678,770.01154,3085.6929,-67.88987,1167.1495,2815.7593,1081.1362,137.29575,2874.3997,44.558067,622.08295,2837.3723,1054.0299
sport-fitness-healthy-lifestyle-concept-600w-1408561289.jpg,situps_up,393.51947,135.96976,-48.602715,401.69827,125.65033,-49.28243,405.63394,125.153946,-49.231125,409.65375,124.68058,-49.227818,393.08337,125.87227,-34.359253,390.84305,125.3784,-34.48223,388.52725,125.084404,-34.720043,423.63162,126.83123,-19.461601,395.6832,125.80534,52.10561,405.61224,144.61351,-39.007935,394.87646,144.57085,-18.997854,455.73688,183.1001,-27.97439,394.3825,165.06277,118.588875,448.82724,168.46979,-94.687614,339.10004,114.25251,206.51526,442.7233,129.62909,-20.022749,403.89404,107.369965,264.3786,441.70602,116.76179,-9.602176,419.05957,107.343666,260.61783,446.0254,124.17472,-12.437688,427.1851,115.28745,278.94998,445.03885,130.78177,-19.604761,421.7752,118.28354,269.87305,371.68262,327.63678,-61.75898,346.3365,307.6607,61.926506,252.89662,254.6431,-75.278564,247.40526,239.32777,-1.4271326,155.7023,328.1127,-48.599228,155.86333,326.34705,-4.7360945,158.52342,346.18835,-41.797516,161.23949,348.12662,-7.1864376,88.84783,340.0921,-58.935154,76.99638,342.32968,-42.43584
stock-photo-urban-sports-young-asian-indonesian-man-is-doing-warming-up-and-sit-ups-before-running-in-the-169907762.jpg,situps_up,1092.8849,430.37305,-208.6941,1113.407,388.47952,-191.52235,1128.0939,387.17624,-191.03554,1142.9702,385.78333,-191.15164,1074.2336,390.2252,-176.71767,1059.0686,388.97192,-177.18524,1043.9209,388.27213,-177.85904,1166.277,392.45694,-14.241998,1031.9652,392.16492,69.456375,1123.0706,458.7702,-139.9955,1071.6525,459.3305,-115.417625,1253.5305,523.9489,-9.446159,976.16156,500.91962,206.60176,1427.188,366.22882,-223.87573,781.47565,399.18546,11.033133,1238.0812,360.34894,-199.38321,1015.7286,367.68988,-68.3804,1199.406,359.15927,-244.431,1077.7969,360.192,-77.058075,1176.615,380.99734,-186.34714,1094.2118,363.80673,-10.24969,1186.5818,398.44498,-189.21693,1074.0996,384.18936,-39.443123,1050.1857,939.49695,-115.90095,915.4523,874.5864,116.0568,950.99243,745.8679,-358.55637,707.6051,682.0366,-101.18086,647.29645,879.0756,-378.43082,411.55908,819.52924,-257.2888,618.80865,920.5495,-373.5331,388.03415,877.2547,-273.23645,500.6438,888.72546,-477.6062,243.86903,812.46826,-401.5099
test00361.png,situps_up,710.12683,173.6171,-243.094,725.3314,153.21628,-227.20996,733.9713,154.83075,-227.22643,742.7253,156.3713,-227.2824,702.0387,148.48006,-233.04886,692.9253,146.10739,-232.96503,683.79895,143.8991,-233.14536,750.5176,167.76187,-85.27291,668.65063,149.54187,-106.749725,721.4524,196.92143,-184.51952,689.0705,190.03491,-190.39752,772.76337,263.70978,3.521805,595.5358,232.46251,-81.398476,751.4608,381.02252,78.411476,522.5698,365.3664,-102.74478,696.72577,445.6975,-6.93162,599.1107,476.32162,-169.96503,687.52954,480.7688,-47.405678,604.9666,517.4277,-207.79413,673.5187,467.85477,-68.090355,637.3029,507.46085,-214.9353,671.72614,456.38705,-18.265675,637.53687,493.81326,-170.90742,685.4939,483.31107,13.590694,573.3269,472.4769,-13.367664,877.3676,470.0042,-152.95702,372.09412,458.8887,-302.26935,681.658,586.8856,-190.54259,536.8916,567.69836,-191.69768,650.4457,589.57935,-189.80072,565.6681,564.27563,-172.76941,635.47675,621.57623,-328.8097,574.9802,611.1544,-257.02008
test00631.png,situps_up,629.3339,217.99881,-563.67566,645.78796,193.12695,-551.62976,655.7797,193.268,-551.56696,665.8603,193.29367,-551.5449,619.64197,192.17422,-550.2761,609.9198,191.08601,-550.227,600.2129,190.1915,-550.2628,681.9007,201.96727,-410.62646,590.186,196.97752,-399.77692,647.80853,238.81027,-506.42654,612.0536,236.45706,-502.8738,729.2156,292.0201,-357.2035,540.32605,287.51382,-318.792,734.1046,437.51276,-376.177,526.8867,441.61203,-338.22736,717.58417,568.8904,-478.46936,532.4805,576.59045,-448.90674,730.95874,614.83606,-533.5294,513.8126,620.7503,-504.5383,699.1372,613.1083,-571.5115,547.2382,621.4955,-541.0871,689.95,599.3518,-493.45822,562.3726,606.44556,-468.00024,670.6031,492.57935,-0.41564837,568.27075,487.45114,0.5348308,855.6805,440.5261,-154.5097,388.6505,426.14548,-130.7055,667.7119,582.1324,-185.05782,564.3773,579.7925,-155.0014,636.98364,585.8409,-181.67586,599.81445,589.2804,-152.71712,615.46136,625.5904,-319.491,587.8993,629.5861,-264.7044
test00901.png,situps_up,646.37976,191.41185,-257.82065,657.98694,171.12076,-235.63898,666.56195,171.14998,-235.61987,675.2499,170.9939,-235.67798,634.977,170.91356,-237.24643,625.91296,170.44022,-237.13916,616.81696,170.16432,-237.02023,684.1516,182.21405,-88.88546,604.03033,180.18565,-91.004036,660.6495,212.76724,-202.85713,628.16095,211.80107,-203.24113,732.93286,281.2856,-18.551548,546.12695,273.73224,7.7443504,782.0352,397.00952,5.918974,512.8405,395.71347,52.018936,794.0847,509.31372,-58.49627,492.72293,491.07523,2.8879366,808.6937,542.98895,-96.29299,479.0451,516.7593,-17.096771,788.2815,546.64624,-125.631424,491.57294,514.7347,-67.067726,776.95544,540.00757,-72.05911,503.20587,510.36426,-18.666704,669.34357,490.62546,10.30184,564.8705,484.14404,-9.467176,764.6878,393.2158,-383.08282,492.6313,364.90976,-431.2592,752.2554,589.74506,-582.04474,457.55426,562.2968,-540.92206,740.1075,620.01306,-603.8734,462.62527,603.25903,-556.7065,755.7181,650.72974,-761.68207,436.10504,612.0866,-710.6433
